time,open_price,close_price,high_price,low_price,coin_volume
2023-06-10 17:00:00,14.895,15.605,15.87,14.4,47582030.0
2023-06-11 05:00:00,15.605,15.518,15.777,15.249,20648768.0
2023-06-11 17:00:00,15.518,15.534,16.18,15.101,26957983.0
2023-06-12 05:00:00,15.534,15.401,15.703,14.9,23693956.0
2023-06-12 17:00:00,15.401,15.183,15.47,14.708,23001578.0
2023-06-13 05:00:00,15.183,15.628,15.691,14.994,18277681.0
2023-06-13 17:00:00,15.628,15.025,16.0,14.751,26908446.0
2023-06-14 05:00:00,15.025,15.195,15.29,14.9,11293039.0
2023-06-14 17:00:00,15.195,14.476,15.372,13.97,27698439.0
2023-06-15 05:00:00,14.476,14.658,15.089,14.397,19188732.0
2023-06-15 17:00:00,14.658,14.766,15.069,14.161,24121381.0
2023-06-16 05:00:00,14.766,14.561,14.979,14.51,10137477.0
2023-06-16 17:00:00,14.561,15.306,15.475,14.315,20950299.0
2023-06-17 05:00:00,15.306,15.761,16.211,15.154,14326351.0
2023-06-17 17:00:00,15.761,15.633,15.912,15.545,8700437.0
2023-06-18 05:00:00,15.633,15.713,15.74,15.405,7545789.0
2023-06-18 17:00:00,15.713,15.43,15.842,15.25,9509721.0
2023-06-19 05:00:00,15.43,15.552,15.581,15.32,6026045.0
2023-06-19 17:00:00,15.552,16.1,16.154,15.419,16216759.0
2023-06-20 05:00:00,16.1,15.915,16.316,15.78,10120922.0
2023-06-20 17:00:00,15.915,16.632,16.682,15.715,20196577.0
2023-06-21 05:00:00,16.632,16.776,17.221,16.551,15103595.0
2023-06-21 17:00:00,16.776,17.22,17.395,16.511,20177201.0
2023-06-22 05:00:00,17.22,16.844,17.737,16.538,14710053.0
2023-06-22 17:00:00,16.844,16.62,17.166,16.56,12738977.0
2023-06-23 05:00:00,16.62,16.585,16.858,16.504,8496257.0
2023-06-23 17:00:00,16.585,17.129,17.526,16.129,24853857.0
2023-06-24 05:00:00,17.129,17.2,17.535,17.005,10227371.0
2023-06-24 17:00:00,17.2,16.634,17.388,16.32,13070197.0
2023-06-25 05:00:00,16.634,17.239,17.376,16.555,11254476.0
2023-06-25 17:00:00,17.239,16.947,17.292,16.75,11668368.0
2023-06-26 05:00:00,16.947,16.918,17.054,16.514,10476128.0
2023-06-26 17:00:00,16.918,16.264,17.115,15.888,15654494.0
2023-06-27 05:00:00,16.264,16.682,16.77,16.121,9690872.0
2023-06-27 17:00:00,16.682,16.621,16.938,16.321,12876051.0
2023-06-28 05:00:00,16.621,16.198,16.649,15.744,14484791.0
2023-06-28 17:00:00,16.198,15.967,16.523,15.473,15909478.0
2023-06-29 05:00:00,15.967,18.044,18.283,15.857,31614151.0
2023-06-29 17:00:00,18.044,17.988,18.232,17.25,36903295.0
2023-06-30 05:00:00,17.988,18.865,19.085,17.85,42852981.0
2023-06-30 17:00:00,18.865,18.858,20.038,16.991,51182394.0
2023-07-01 05:00:00,18.858,18.328,19.008,17.9,19648246.0
2023-07-01 17:00:00,18.328,18.677,18.729,18.241,9022895.0
2023-07-02 05:00:00,18.677,19.033,19.491,18.434,23037407.0
2023-07-02 17:00:00,19.033,19.453,19.75,18.85,20970202.0
2023-07-03 05:00:00,19.453,19.465,19.658,19.166,10677343.0
2023-07-03 17:00:00,19.465,19.251,19.496,18.85,16076841.0
2023-07-04 05:00:00,19.251,19.239,19.498,19.05,9388574.0
2023-07-04 17:00:00,19.239,19.13,19.95,19.087,19349066.0
2023-07-05 05:00:00,19.13,18.695,19.375,18.151,11862930.0
2023-07-05 17:00:00,18.695,18.981,19.024,18.43,11638067.0
2023-07-06 05:00:00,18.981,19.89,20.35,18.936,27188825.0
2023-07-06 17:00:00,19.89,19.592,20.98,18.803,54460583.0
2023-07-07 05:00:00,19.592,20.149,20.532,19.259,35740838.0
2023-07-07 17:00:00,20.149,21.484,21.982,20.149,57392463.0
2023-07-08 05:00:00,21.484,21.929,22.468,21.315,41533492.0
2023-07-08 17:00:00,21.929,21.807,22.0,21.362,28366505.0
2023-07-09 05:00:00,21.807,21.596,22.392,21.375,22160382.0
2023-07-09 17:00:00,21.596,21.314,21.839,21.0,19330031.0
2023-07-10 05:00:00,21.314,20.781,21.362,20.434,23473407.0
2023-07-10 17:00:00,20.781,21.286,21.788,20.656,27289841.0
2023-07-11 05:00:00,21.286,22.033,22.28,21.187,23233053.0
2023-07-11 17:00:00,22.033,22.05,22.38,21.718,25363911.0
2023-07-12 05:00:00,22.05,22.111,22.272,21.843,13403223.0
2023-07-12 17:00:00,22.111,21.928,23.059,21.738,33343596.0
2023-07-13 05:00:00,21.928,22.406,22.501,21.349,21492894.0
2023-07-13 17:00:00,22.406,26.018,26.887,22.034,76947357.0
2023-07-14 05:00:00,26.018,28.077,33.579,25.616,66006873.0
2023-07-14 17:00:00,28.077,26.671,28.369,25.22,47263713.0
2023-07-15 05:00:00,26.671,28.932,29.111,26.424,40211443.0
2023-07-15 17:00:00,28.932,27.459,29.043,27.04,31118669.0
2023-07-16 05:00:00,27.459,28.062,28.341,26.379,25721590.0
2023-07-16 17:00:00,28.062,27.404,28.708,27.06,21298131.0
2023-07-17 05:00:00,27.404,27.125,28.488,26.5,26151923.0
2023-07-17 17:00:00,27.125,26.79,27.386,25.5,33348196.0
2023-07-18 05:00:00,26.79,25.018,27.098,24.82,25770740.0
2023-07-18 17:00:00,25.018,25.544,25.79,24.751,27400208.0
2023-07-19 05:00:00,25.544,26.473,26.589,25.34,20416526.0
2023-07-19 17:00:00,26.473,26.298,26.984,25.82,25844462.0
2023-07-20 05:00:00,26.298,27.143,27.386,26.122,16581008.0
2023-07-20 17:00:00,27.143,25.365,27.234,25.0,24643871.0
2023-07-21 05:00:00,25.365,25.268,25.618,25.029,13603613.0
2023-07-21 17:00:00,25.268,25.493,25.996,25.158,18024764.0
2023-07-22 05:00:00,25.493,25.594,25.965,25.371,9396843.0
2023-07-22 17:00:00,25.594,24.512,25.75,23.95,13006934.0
2023-07-23 05:00:00,24.512,24.654,24.896,24.128,9662221.0
2023-07-23 17:00:00,24.654,24.752,25.249,24.504,10866794.0
2023-07-24 05:00:00,24.752,23.617,24.832,22.76,16395333.0
2023-07-24 17:00:00,23.617,23.354,23.669,22.814,16153633.0
2023-07-25 05:00:00,23.354,23.167,23.515,22.944,9727092.0
2023-07-25 17:00:00,23.167,23.264,23.58,22.7,15132068.0
2023-07-26 05:00:00,23.264,23.812,23.97,23.158,13345878.0
2023-07-26 17:00:00,23.812,25.163,25.722,23.796,38726570.0
2023-07-27 05:00:00,25.163,25.378,25.5,24.65,18679979.0
2023-07-27 17:00:00,25.378,25.08,25.654,24.7,21482064.0
2023-07-28 05:00:00,25.08,24.63,25.395,24.518,11092681.0
2023-07-28 17:00:00,24.63,24.798,25.555,24.625,16169153.0
2023-07-29 05:00:00,24.798,24.955,25.246,24.724,8231261.0
2023-07-29 17:00:00,24.955,25.159,25.378,24.9,7973969.0
2023-07-30 05:00:00,25.159,24.967,25.2,24.811,6791200.0
2023-07-30 17:00:00,24.967,24.236,25.095,23.396,16287272.0
2023-07-31 05:00:00,24.236,24.456,24.769,24.101,9798864.0
2023-07-31 17:00:00,24.456,23.716,24.675,23.5,15898605.0
2023-08-01 05:00:00,23.716,23.331,23.979,22.6,14393605.0
2023-08-01 17:00:00,23.331,24.045,24.07,22.738,15783159.0
2023-08-02 05:00:00,24.045,23.67,24.276,23.402,12501377.0
2023-08-02 17:00:00,23.67,23.135,23.71,22.743,16223291.0
2023-08-03 05:00:00,23.135,22.733,23.386,22.402,14290366.0
2023-08-03 17:00:00,22.733,22.634,23.1,22.443,14962777.0
2023-08-04 05:00:00,22.634,22.902,23.061,22.458,11764867.0
2023-08-04 17:00:00,22.902,22.792,23.55,22.432,21164375.0
2023-08-05 05:00:00,22.792,22.777,22.934,22.46,8058924.0
2023-08-05 17:00:00,22.777,22.641,22.8,22.17,10258150.0
2023-08-06 05:00:00,22.641,23.206,23.47,22.57,11367332.0
2023-08-06 17:00:00,23.206,23.182,23.392,22.844,9579644.0
2023-08-07 05:00:00,23.182,23.091,23.671,22.963,10199129.0
2023-08-07 17:00:00,23.091,23.108,23.161,22.25,16208776.0
2023-08-08 05:00:00,23.108,23.375,23.381,23.007,8865833.0
2023-08-08 17:00:00,23.375,24.205,24.787,23.175,29352198.0
2023-08-09 05:00:00,24.205,24.847,24.99,24.136,14222380.0
2023-08-09 17:00:00,24.847,24.375,24.978,24.092,17354890.0
2023-08-10 05:00:00,24.375,24.396,24.536,24.121,8340060.0
2023-08-10 17:00:00,24.396,24.614,24.885,24.35,14038648.0
2023-08-11 05:00:00,24.614,24.529,24.932,24.376,9538456.0
2023-08-11 17:00:00,24.529,24.613,24.868,24.34,10935053.0
2023-08-12 05:00:00,24.613,24.547,24.76,24.383,5455835.0
2023-08-12 17:00:00,24.547,24.902,25.3,24.491,8854681.0
2023-08-13 05:00:00,24.902,24.694,24.944,24.632,5704481.0
2023-08-13 17:00:00,24.694,24.216,24.763,24.207,9588856.0
2023-08-14 05:00:00,24.202,24.498,24.58,24.044,8003503.0
2023-08-14 17:00:00,24.498,25.175,25.29,24.307,17102090.0
2023-08-15 05:00:00,25.175,24.826,25.5,24.706,12525312.0
2023-08-15 17:00:00,24.826,23.889,24.988,23.477,18362435.0
2023-08-16 05:00:00,23.889,23.496,24.012,23.2,12598342.0
2023-08-16 17:00:00,23.496,22.811,23.621,22.3,24182751.0
2023-08-17 05:00:00,22.811,23.084,23.426,22.411,12315390.0
2023-08-17 17:00:00,23.084,21.661,23.426,19.63,38868326.0
2023-08-18 05:00:00,21.661,22.004,22.188,21.291,15273319.0
2023-08-18 17:00:00,22.004,21.336,22.046,20.811,19100174.0
2023-08-19 05:00:00,21.336,21.63,21.873,21.276,8393843.0
2023-08-19 17:00:00,21.63,21.88,22.17,21.614,9159059.0
2023-08-20 05:00:00,21.88,21.954,22.016,21.55,6103514.0
2023-08-20 17:00:00,21.954,21.76,21.966,21.512,6961565.0
2023-08-21 05:00:00,21.76,21.225,21.767,20.904,11602582.0
2023-08-21 17:00:00,21.225,21.187,21.407,20.2,16750245.0
2023-08-22 05:00:00,21.187,20.926,21.263,20.916,6447098.0
2023-08-22 17:00:00,20.926,20.572,21.062,19.2,27003055.0
2023-08-23 05:00:00,20.572,20.621,20.924,20.452,10171164.0
2023-08-23 17:00:00,20.621,21.717,21.821,20.283,20646916.0
2023-08-24 05:00:00,21.717,21.768,21.999,21.581,8782686.0
2023-08-24 17:00:00,21.768,21.039,21.773,20.652,18110227.0
2023-08-25 05:00:00,21.039,20.663,21.043,20.407,9542087.0
2023-08-25 17:00:00,20.663,20.409,20.889,20.077,16635711.0
2023-08-26 05:00:00,20.409,20.284,20.434,20.186,5332478.0
2023-08-26 17:00:00,20.284,20.272,20.384,20.173,4946567.0
2023-08-27 05:00:00,20.272,20.57,20.72,20.232,6514267.0
2023-08-27 17:00:00,20.57,20.779,20.916,20.535,7765280.0
2023-08-28 05:00:00,20.779,20.355,20.779,20.005,9527793.0
2023-08-28 17:00:00,20.355,20.549,20.785,20.33,11528534.0
2023-08-29 05:00:00,20.549,20.138,20.759,20.102,8641022.0
2023-08-29 17:00:00,20.138,21.772,22.063,20.1,32709385.0
2023-08-30 05:00:00,21.772,21.408,21.988,21.357,8966172.0
2023-08-30 17:00:00,21.408,20.807,21.514,20.578,15374692.0
2023-08-31 05:00:00,20.807,20.877,21.092,20.598,7173771.0
2023-08-31 17:00:00,20.877,19.72,20.884,19.356,22528957.0
2023-09-01 05:00:00,19.72,19.832,19.925,19.681,6987264.0
2023-09-01 17:00:00,19.832,19.315,19.924,19.009,18553183.0
2023-09-02 05:00:00,19.315,19.558,19.656,19.296,6197845.0
2023-09-02 17:00:00,19.558,19.48,19.7,19.114,8086929.0
2023-09-03 05:00:00,19.48,19.413,19.65,19.314,4273238.0
2023-09-03 17:00:00,19.413,19.555,19.627,19.21,6475756.0
2023-09-04 05:00:00,19.555,19.576,20.035,19.536,8930604.0
2023-09-04 17:00:00,19.576,19.514,19.638,19.138,10343745.0
2023-09-05 05:00:00,19.514,19.537,19.622,19.018,11095537.0
2023-09-05 17:00:00,19.537,20.257,20.6,19.481,26054967.0
2023-09-06 05:00:00,20.257,19.741,20.38,19.661,12163350.0
2023-09-06 17:00:00,19.741,19.62,19.91,19.1,20179078.0
2023-09-07 05:00:00,19.62,19.393,19.814,19.35,9082251.0
2023-09-07 17:00:00,19.393,19.9,19.992,19.312,13404823.0
2023-09-08 05:00:00,19.9,19.53,20.28,19.341,13318215.0
2023-09-08 17:00:00,19.53,19.596,19.692,19.369,6963957.0
2023-09-09 05:00:00,19.596,19.551,19.599,19.436,3856071.0
2023-09-09 17:00:00,19.551,19.425,19.573,19.352,4470273.0
2023-09-10 05:00:00,19.425,18.318,19.426,17.766,23464420.0
2023-09-10 17:00:00,18.318,18.219,18.599,17.733,28388683.0
2023-09-11 05:00:00,18.219,17.648,18.444,17.32,27074586.0
2023-09-11 17:00:00,17.648,17.715,18.008,17.333,33641654.0
2023-09-12 05:00:00,17.715,18.3,18.84,17.554,31489050.0
2023-09-12 17:00:00,18.3,17.904,18.394,17.678,26084041.0
2023-09-13 05:00:00,17.904,18.173,18.599,17.676,22802444.0
2023-09-13 17:00:00,18.173,18.389,18.544,17.859,34419293.0
2023-09-14 05:00:00,18.389,18.831,19.335,18.372,27951389.0
2023-09-14 17:00:00,18.831,18.835,19.184,18.728,21119252.0
2023-09-15 05:00:00,18.835,18.997,19.283,18.704,12680507.0
2023-09-15 17:00:00,18.997,19.136,19.495,18.543,17045089.0
2023-09-16 05:00:00,19.136,19.14,19.459,19.016,11533190.0
2023-09-16 17:00:00,19.14,19.112,19.182,18.846,7752659.0
2023-09-17 05:00:00,19.112,19.016,19.126,18.712,7805840.0
2023-09-17 17:00:00,19.016,18.798,19.067,18.6,7919681.0
2023-09-18 05:00:00,18.798,19.579,19.749,18.56,20062859.0
2023-09-18 17:00:00,19.579,19.628,20.15,19.494,22697145.0
2023-09-19 05:00:00,19.628,20.207,20.444,19.553,14610936.0
2023-09-19 17:00:00,20.207,20.019,20.217,19.794,15034853.0
2023-09-20 05:00:00,20.019,20.047,20.238,19.776,11098845.0
2023-09-20 17:00:00,20.047,20.278,20.547,19.848,19706410.0
2023-09-21 05:00:00,20.278,19.588,20.288,19.476,13986249.0
2023-09-21 17:00:00,19.588,19.442,19.699,19.273,12410234.0
2023-09-22 05:00:00,19.442,19.674,19.804,19.21,9712220.0
2023-09-22 17:00:00,19.674,19.417,19.7,19.13,10639883.0
2023-09-23 05:00:00,19.417,19.508,19.576,19.274,5471074.0
2023-09-23 17:00:00,19.508,19.472,19.518,19.28,5189071.0
2023-09-24 05:00:00,19.472,19.59,19.671,19.445,5071793.0
2023-09-24 17:00:00,19.59,19.351,19.649,19.17,8592341.0
2023-09-25 05:00:00,19.351,19.531,19.6,19.058,9136149.0
2023-09-25 17:00:00,19.531,19.381,19.73,19.343,9439770.0
2023-09-26 05:00:00,19.381,19.376,19.521,19.228,8137771.0
2023-09-26 17:00:00,19.376,19.016,19.396,18.812,9462869.0
2023-09-27 05:00:00,19.016,19.392,19.474,18.853,10721696.0
2023-09-27 17:00:00,19.392,19.12,19.45,18.716,12919796.0
2023-09-28 05:00:00,19.12,19.159,19.429,19.085,7905411.0
2023-09-28 17:00:00,19.159,19.948,19.982,19.138,13602547.0
2023-09-29 05:00:00,19.948,20.071,20.35,19.831,12315712.0
2023-09-29 17:00:00,20.071,20.26,20.457,20.004,11232848.0
2023-09-30 05:00:00,20.26,20.271,20.439,20.055,5627298.0
2023-09-30 17:00:00,20.271,21.348,21.797,20.265,27892146.0
2023-10-01 05:00:00,21.348,22.955,24.4,21.118,24892502.0
2023-10-01 17:00:00,22.955,23.873,24.506,22.431,34375445.0
2023-10-02 05:00:00,23.873,23.825,24.83,23.564,28593072.0
2023-10-02 17:00:00,23.825,23.366,24.473,22.826,38865625.0
2023-10-03 05:00:00,23.366,23.908,24.458,23.29,22781963.0
2023-10-03 17:00:00,23.908,23.594,24.777,23.165,38228719.0
2023-10-04 05:00:00,23.594,23.568,23.85,22.759,26502245.0
2023-10-04 17:00:00,23.568,23.106,23.635,22.543,23452816.0
2023-10-05 05:00:00,23.106,23.207,23.75,22.826,16237063.0
2023-10-05 17:00:00,23.207,22.682,23.593,22.483,25465459.0
2023-10-06 05:00:00,22.682,23.169,23.562,22.648,17520510.0
2023-10-06 17:00:00,23.169,23.391,23.78,22.666,23883902.0
2023-10-07 05:00:00,23.391,23.467,24.208,23.323,15916848.0
2023-10-07 17:00:00,23.467,23.279,23.568,23.064,9324530.0
2023-10-08 05:00:00,23.279,23.215,23.642,23.131,10649059.0
2023-10-08 17:00:00,23.215,23.204,23.55,23.046,10417113.0
2023-10-09 05:00:00,23.204,22.165,23.364,21.82,18633075.0
2023-10-09 17:00:00,22.165,22.077,22.419,21.5,18359574.0
2023-10-10 05:00:00,22.077,22.117,22.437,21.871,10333252.0
2023-10-10 17:00:00,22.117,22.107,22.477,21.676,16082801.0
2023-10-11 05:00:00,22.107,22.13,22.4,21.705,15250422.0
2023-10-11 17:00:00,22.13,21.998,22.322,21.612,15571873.0
2023-10-12 05:00:00,21.998,21.491,22.045,21.08,14748406.0
2023-10-12 17:00:00,21.491,21.274,21.522,20.82,14664988.0
2023-10-13 05:00:00,21.274,21.465,21.575,21.103,8177195.0
2023-10-13 17:00:00,21.465,21.829,22.196,21.337,15536469.0
2023-10-14 05:00:00,21.829,21.966,22.368,21.78,10187706.0
2023-10-14 17:00:00,21.966,21.983,22.088,21.833,5535036.0
2023-10-15 05:00:00,21.983,21.857,22.171,21.802,6331533.0
2023-10-15 17:00:00,21.857,21.918,22.1,21.64,9278935.0
2023-10-16 05:00:00,21.918,23.131,23.155,21.876,17116662.0
2023-10-16 17:00:00,23.131,23.939,25.048,22.892,40734264.0
2023-10-17 05:00:00,23.939,24.07,24.566,23.73,22750049.0
2023-10-17 17:00:00,24.07,23.93,24.389,23.38,21868094.0
2023-10-18 05:00:00,23.93,23.794,24.433,23.762,14940783.0
2023-10-18 17:00:00,23.794,23.408,23.91,23.345,13429380.0
2023-10-19 05:00:00,23.408,24.259,24.291,23.068,15119341.0
2023-10-19 17:00:00,24.259,24.91,25.963,24.052,34476434.0
2023-10-20 05:00:00,24.91,26.876,27.52,24.712,43985423.0
2023-10-20 17:00:00,26.876,27.01,27.355,26.283,25766782.0
2023-10-21 05:00:00,27.01,29.513,30.0,26.628,33698099.0
2023-10-21 17:00:00,29.513,29.312,30.368,28.6,38407367.0
2023-10-22 05:00:00,29.312,28.326,29.995,27.91,28042999.0
2023-10-22 17:00:00,28.326,29.031,29.35,28.278,16333647.0
2023-10-23 05:00:00,29.031,29.69,31.374,28.72,43073115.0
2023-10-23 17:00:00,29.69,31.902,32.929,28.775,48954824.0
2023-10-24 05:00:00,31.902,31.833,32.585,30.63,33832521.0
2023-10-24 17:00:00,31.833,30.157,32.622,29.454,41387550.0
2023-10-25 05:00:00,30.157,32.202,32.301,29.972,26687202.0
2023-10-25 17:00:00,32.202,32.446,33.96,31.843,36357332.0
2023-10-26 05:00:00,32.446,31.82,33.288,31.567,21596369.0
2023-10-26 17:00:00,31.82,32.77,33.25,30.712,25097482.0
2023-10-27 05:00:00,32.77,32.585,33.135,31.814,17541512.0
2023-10-27 17:00:00,32.585,31.739,33.422,31.05,23984794.0
2023-10-28 05:00:00,31.739,32.194,32.532,31.641,8899309.0
2023-10-28 17:00:00,32.194,31.614,32.229,31.298,9814973.0
2023-10-29 05:00:00,31.614,32.25,32.365,31.238,9614128.0
2023-10-29 17:00:00,32.25,32.826,33.2,32.174,11999621.0
2023-10-30 05:00:00,32.826,34.951,35.409,32.256,22428900.0
2023-10-30 17:00:00,34.951,34.958,35.395,34.224,16915096.0
2023-10-31 05:00:00,34.958,36.551,36.977,34.832,26530080.0
2023-10-31 17:00:00,36.551,38.372,38.619,35.568,25297859.0
2023-11-01 05:00:00,38.372,39.249,39.78,37.759,34213447.0
2023-11-01 17:00:00,39.249,41.204,46.8,38.8,94785960.0
2023-11-02 05:00:00,41.204,44.434,44.559,41.13,32783950.0
2023-11-02 17:00:00,44.434,40.251,44.494,38.646,61112063.0
2023-11-03 05:00:00,40.251,39.179,40.27,37.917,35119127.0
2023-11-03 17:00:00,39.179,39.497,40.315,38.522,25123093.0
2023-11-04 05:00:00,39.497,41.546,42.785,39.035,25213915.0
2023-11-04 17:00:00,41.546,42.422,42.731,40.811,16406951.0
2023-11-05 05:00:00,42.422,41.677,42.896,41.103,13522378.0
2023-11-05 17:00:00,41.677,41.167,41.9,40.0,13632233.0
2023-11-06 05:00:00,41.167,40.343,41.871,39.656,14477410.0
2023-11-06 17:00:00,40.343,42.181,42.241,39.88,15843165.0
2023-11-07 05:00:00,42.181,41.125,42.329,40.087,18314446.0
2023-11-07 17:00:00,41.125,42.976,45.0,40.747,34774948.0
2023-11-08 05:00:00,42.976,43.323,43.913,42.27,12638099.0
2023-11-08 17:00:00,43.323,43.142,43.654,42.284,16411309.0
2023-11-09 05:00:00,43.142,47.148,47.529,42.5,28252915.0
2023-11-09 17:00:00,47.148,45.305,49.0,40.912,50671182.0
2023-11-10 05:00:00,45.305,50.735,51.3,45.055,31589083.0
2023-11-10 17:00:00,50.735,56.679,57.573,48.646,47657022.0
2023-11-11 05:00:00,56.679,55.279,57.813,53.538,31919661.0
2023-11-11 17:00:00,55.279,56.409,64.036,55.06,60408219.0
2023-11-12 05:00:00,56.409,60.023,61.943,54.48,36211529.0
2023-11-12 17:00:00,60.023,56.315,60.445,55.533,24749220.0
2023-11-13 05:00:00,56.315,57.069,59.743,55.074,25758196.0
2023-11-13 17:00:00,57.069,51.662,59.959,51.554,43052003.0
2023-11-14 05:00:00,51.662,52.71,55.88,51.166,22459725.0
2023-11-14 17:00:00,52.71,56.849,58.191,52.042,44822817.0
2023-11-15 05:00:00,56.849,63.044,63.726,56.16,25289729.0
2023-11-15 17:00:00,63.044,65.506,67.228,60.705,39497636.0
2023-11-16 05:00:00,65.506,64.082,68.356,63.256,26058638.0
2023-11-16 17:00:00,64.082,57.842,64.799,56.4,40567281.0
2023-11-17 05:00:00,57.842,58.175,60.618,56.45,25090536.0
2023-11-17 17:00:00,58.175,58.49,59.684,54.093,32589929.0
2023-11-18 05:00:00,58.49,57.012,58.619,54.7,15516690.0
2023-11-18 17:00:00,57.012,58.581,59.4,55.505,19647876.0
2023-11-19 05:00:00,58.581,59.876,61.8,56.576,18656420.0
2023-11-19 17:00:00,59.876,61.099,62.151,59.087,16853899.0
2023-11-20 05:00:00,61.099,60.084,61.358,59.131,14387163.0
2023-11-20 17:00:00,60.084,56.603,60.686,55.961,27807239.0
2023-11-21 05:00:00,56.603,56.299,57.411,55.111,14443278.0
2023-11-21 17:00:00,56.299,51.682,56.68,51.2,39659214.0
2023-11-22 05:00:00,51.682,54.53,55.29,51.479,14137458.0
2023-11-22 17:00:00,54.53,57.579,58.923,54.035,22247900.0
2023-11-23 05:00:00,57.579,57.969,59.019,57.021,13432283.0
2023-11-23 17:00:00,57.969,56.537,59.688,56.121,15545615.0
2023-11-24 05:00:00,56.537,58.057,58.84,56.196,11057589.0
2023-11-24 17:00:00,58.057,56.869,58.55,56.424,12504607.0
2023-11-25 05:00:00,56.869,57.825,59.869,55.63,13900668.0
2023-11-25 17:00:00,57.825,58.83,59.738,57.708,8093623.0
2023-11-26 05:00:00,58.83,57.865,59.064,57.75,5913480.0
2023-11-26 17:00:00,57.865,57.593,58.759,56.1,13280591.0
2023-11-27 05:00:00,57.593,55.026,58.11,54.7,13678907.0
2023-11-27 17:00:00,55.026,55.03,55.218,53.412,15108783.0
2023-11-28 05:00:00,55.03,56.163,56.349,53.923,11075415.0
2023-11-28 17:00:00,56.163,58.183,58.67,55.426,17400670.0
2023-11-29 05:00:00,58.183,60.648,61.799,57.744,17476974.0
2023-11-29 17:00:00,60.648,59.324,61.66,58.55,17094859.0
2023-11-30 05:00:00,59.324,60.776,61.294,58.738,12016666.0
2023-11-30 17:00:00,60.776,59.309,61.762,58.902,14110332.0
2023-12-01 05:00:00,59.309,61.05,61.937,58.585,15193376.0
2023-12-01 17:00:00,61.05,59.75,61.198,59.587,13388954.0
2023-12-02 05:00:00,59.75,62.183,62.7,59.67,11697950.0
2023-12-02 17:00:00,62.183,63.684,63.954,61.4,13372998.0
2023-12-03 05:00:00,63.684,63.572,65.622,63.05,12667786.0
2023-12-03 17:00:00,63.572,63.015,64.156,62.234,12128625.0
2023-12-04 05:00:00,63.015,62.123,65.34,59.0,21354609.0
2023-12-04 17:00:00,62.123,61.671,62.288,59.904,15042328.0
2023-12-05 05:00:00,61.671,60.19,62.222,59.104,13037647.0
2023-12-05 17:00:00,60.19,61.061,62.661,60.003,16109963.0
2023-12-06 05:00:00,61.061,63.051,66.797,61.048,30828824.0
2023-12-06 17:00:00,63.051,61.878,64.666,61.456,15704498.0
2023-12-07 05:00:00,61.878,64.289,64.41,61.657,14971345.0
2023-12-07 17:00:00,64.289,67.806,69.546,63.65,27645076.0
2023-12-08 05:00:00,67.806,73.015,73.933,67.806,24813626.0
2023-12-08 17:00:00,73.015,74.98,75.46,71.716,19121156.0
2023-12-09 05:00:00,74.98,77.207,77.879,73.001,19105270.0
2023-12-09 17:00:00,77.207,72.368,77.575,71.472,16444415.0
2023-12-10 05:00:00,72.368,71.496,74.055,70.728,11173896.0
2023-12-10 17:00:00,71.496,74.907,74.961,71.411,12616021.0
2023-12-11 05:00:00,74.907,69.676,75.024,63.501,26546251.0
2023-12-11 17:00:00,69.676,70.286,70.96,66.936,23391450.0
2023-12-12 05:00:00,70.286,70.659,72.479,69.622,12530375.0
2023-12-12 17:00:00,70.659,68.644,71.855,65.789,18944450.0
2023-12-13 05:00:00,68.644,65.444,68.823,63.64,15109544.0
2023-12-13 17:00:00,65.444,70.668,72.666,65.154,16455364.0
2023-12-14 05:00:00,70.668,73.523,73.78,69.68,10831396.0
2023-12-14 17:00:00,73.523,75.751,76.315,67.0,21786068.0
2023-12-15 05:00:00,75.751,79.182,79.398,74.1,15100915.0
2023-12-15 17:00:00,79.182,72.552,79.679,72.166,20582788.0
2023-12-16 05:00:00,72.552,75.132,75.162,71.22,9231330.0
2023-12-16 17:00:00,75.132,73.737,77.24,72.801,12327691.0
2023-12-17 05:00:00,73.737,73.104,74.335,71.755,8636075.0
2023-12-17 17:00:00,73.104,70.902,75.149,70.551,12384185.0
2023-12-18 05:00:00,70.902,69.021,71.986,66.851,15258392.0
2023-12-18 17:00:00,69.021,74.429,75.515,68.247,14979370.0
2023-12-19 05:00:00,74.429,74.676,76.384,73.832,10819068.0
2023-12-19 17:00:00,74.676,73.04,75.5,71.8,13798145.0
2023-12-20 05:00:00,73.04,77.12,78.725,72.982,15246472.0
2023-12-20 17:00:00,77.12,82.243,84.19,76.389,26844890.0
2023-12-21 05:00:00,82.243,87.091,88.481,81.05,19082545.0
2023-12-21 17:00:00,87.091,93.927,95.817,85.615,27695221.0
2023-12-22 05:00:00,93.927,93.833,99.733,90.512,29646373.0
2023-12-22 17:00:00,93.833,97.962,98.5,92.064,17603615.0
2023-12-23 05:00:00,97.962,95.958,98.3,92.88,12078690.0
2023-12-23 17:00:00,95.958,107.965,110.388,95.301,25654920.0
2023-12-24 05:00:00,107.965,110.453,118.7,107.35,32189935.0
2023-12-24 17:00:00,110.453,112.571,117.0,109.136,22964978.0
2023-12-25 05:00:00,112.571,111.872,114.579,108.0,14250774.0
2023-12-25 17:00:00,111.872,120.942,126.938,110.406,33861905.0
2023-12-26 05:00:00,120.942,114.839,121.457,110.77,21237501.0
2023-12-26 17:00:00,114.839,112.543,117.249,102.33,30874768.0
2023-12-27 05:00:00,112.543,112.883,115.5,108.0,16248925.0
2023-12-27 17:00:00,112.883,107.095,113.367,104.832,23322010.0
2023-12-28 05:00:00,107.095,104.987,109.826,102.297,17591070.0
2023-12-28 17:00:00,104.987,101.913,105.247,97.32,27375092.0
2023-12-29 05:00:00,101.913,107.707,110.198,99.514,21161550.0
2023-12-29 17:00:00,107.707,106.225,109.977,102.727,20526614.0
2023-12-30 05:00:00,106.225,102.239,107.651,100.698,10680711.0
2023-12-30 17:00:00,102.239,101.971,105.0,101.268,10099752.0
2023-12-31 05:00:00,101.971,104.376,105.338,99.635,9246572.0
2023-12-31 17:00:00,104.376,101.778,105.3,99.791,9714179.0
2024-01-01 05:00:00,101.778,104.48,105.0,101.53,8627569.0
2024-01-01 17:00:00,104.48,110.047,110.078,103.96,10360821.0
2024-01-02 05:00:00,110.047,114.113,117.1,108.585,17773009.0
2024-01-02 17:00:00,114.113,106.83,114.635,106.1,17313483.0
2024-01-03 05:00:00,106.83,103.499,109.95,102.194,15339721.0
2024-01-03 17:00:00,103.499,98.519,103.564,83.51,38664574.0
2024-01-04 05:00:00,98.519,98.53,102.0,96.588,11343072.0
2024-01-04 17:00:00,98.53,104.975,108.3,98.1,17728298.0
2024-01-05 05:00:00,104.975,99.633,105.546,98.13,13650552.0
2024-01-05 17:00:00,99.633,99.874,101.367,95.0,15773780.0
2024-01-06 05:00:00,99.874,94.444,100.277,91.398,13215791.0
2024-01-06 17:00:00,94.444,93.799,97.229,92.1,11404788.0
2024-01-07 05:00:00,93.799,94.524,96.292,91.26,10655514.0
2024-01-07 17:00:00,94.524,89.414,96.764,87.5,14508307.0
2024-01-08 05:00:00,89.414,92.191,92.199,85.1,17697444.0
2024-01-08 17:00:00,92.191,97.901,99.915,92.149,23183905.0
2024-01-09 05:00:00,97.901,101.894,103.971,95.257,17765656.0
2024-01-09 17:00:00,101.894,99.347,108.0,95.457,27995664.0
2024-01-10 05:00:00,99.347,97.347,100.467,96.274,9166679.0
2024-01-10 17:00:00,97.347,102.063,105.58,92.122,30323425.0
2024-01-11 05:00:00,102.063,104.499,104.677,97.888,13188091.0
2024-01-11 17:00:00,104.499,99.928,107.341,97.6,24832539.0
2024-01-12 05:00:00,99.928,98.252,100.534,97.44,8957803.0
2024-01-12 17:00:00,98.252,92.153,99.377,85.8,22041683.0
2024-01-13 05:00:00,92.153,92.251,93.295,89.5,8502876.0
2024-01-13 17:00:00,92.251,95.836,97.068,91.092,9914599.0
2024-01-14 05:00:00,95.836,96.799,98.876,94.336,8871283.0
2024-01-14 17:00:00,96.799,93.83,102.949,93.599,17510332.0
2024-01-15 05:00:00,93.83,95.516,97.0,93.818,7277655.0
2024-01-15 17:00:00,95.516,94.359,96.737,93.0,9194868.0
2024-01-16 05:00:00,94.359,96.727,98.31,94.359,7776484.0
2024-01-16 17:00:00,96.727,97.637,98.805,94.187,10322210.0
2024-01-17 05:00:00,97.637,102.051,102.864,96.63,14263608.0
2024-01-17 17:00:00,102.051,102.155,102.76,97.3,18662505.0
2024-01-18 05:00:00,102.155,98.962,103.635,98.396,11335977.0
2024-01-18 17:00:00,98.962,94.389,99.2,91.359,19474105.0
2024-01-19 05:00:00,94.389,94.783,95.5,91.465,9670181.0
2024-01-19 17:00:00,94.783,93.596,94.956,87.005,21966367.0
2024-01-20 05:00:00,93.596,92.023,94.294,91.089,6980949.0
2024-01-20 17:00:00,92.023,92.9,93.48,90.176,7309117.0
2024-01-21 05:00:00,92.9,93.194,93.967,91.85,4549892.0
2024-01-21 17:00:00,93.194,91.105,93.723,90.8,5432562.0
2024-01-22 05:00:00,91.105,88.36,91.948,86.141,14103198.0
2024-01-22 17:00:00,88.36,83.883,90.05,82.1,23477030.0
2024-01-23 05:00:00,83.883,80.217,85.967,78.968,18452800.0
2024-01-23 17:00:00,80.217,84.325,84.427,78.96,21053866.0
2024-01-24 05:00:00,84.325,87.164,88.52,83.294,15018333.0
2024-01-24 17:00:00,87.164,88.744,89.396,85.227,14625695.0
2024-01-25 05:00:00,88.744,88.998,89.625,86.525,10063097.0
2024-01-25 17:00:00,88.998,86.886,89.33,85.1,13069548.0
2024-01-26 05:00:00,86.886,91.907,92.411,85.955,13016857.0
2024-01-26 17:00:00,91.907,92.261,93.72,90.1,12560145.0
2024-01-27 05:00:00,92.261,91.991,93.8,90.636,8198392.0
2024-01-27 17:00:00,91.991,94.238,94.48,91.62,6549098.0
2024-01-28 05:00:00,94.238,98.381,99.428,93.155,13987902.0
2024-01-28 17:00:00,98.381,95.948,98.6,93.39,14836756.0
2024-01-29 05:00:00,95.948,97.428,98.993,95.005,10039297.0
2024-01-29 17:00:00,97.428,101.623,102.035,95.48,16389563.0
2024-01-30 05:00:00,101.623,106.014,106.448,100.893,12550640.0
2024-01-30 17:00:00,106.014,101.371,106.5,101.003,17598936.0
2024-01-31 05:00:00,101.371,99.103,101.925,97.242,16069201.0
2024-01-31 17:00:00,99.103,96.912,102.719,95.837,20460747.0
2024-02-01 05:00:00,96.912,95.41,97.677,93.1,14321272.0
2024-02-01 17:00:00,95.41,97.775,98.13,94.612,13059174.0
2024-02-02 05:00:00,97.775,101.951,102.4,97.335,11074135.0
2024-02-02 17:00:00,101.951,100.559,102.573,98.301,14329476.0
2024-02-03 05:00:00,100.559,98.648,101.2,98.353,5812262.0
2024-02-03 17:00:00,98.648,97.915,98.95,96.602,7120628.0
2024-02-04 05:00:00,97.915,97.873,98.555,95.82,6900799.0
2024-02-04 17:00:00,97.873,95.451,98.373,95.0,7438792.0
2024-02-05 05:00:00,95.451,97.844,98.198,94.102,8719748.0
2024-02-05 17:00:00,97.844,95.605,98.659,94.171,11359740.0
2024-02-06 05:00:00,95.605,94.239,96.79,93.116,9464302.0
2024-02-06 17:00:00,94.239,96.856,97.869,93.245,11552563.0
2024-02-07 05:00:00,96.856,95.141,97.455,94.56,6453018.0
2024-02-07 17:00:00,95.141,101.135,101.622,95.082,13097301.0
2024-02-08 05:00:00,101.135,101.205,102.62,100.5,9429171.0
2024-02-08 17:00:00,101.205,102.742,104.974,100.924,13549280.0
2024-02-09 05:00:00,102.742,105.831,106.388,102.728,11177229.0
2024-02-09 17:00:00,105.831,106.921,109.23,104.05,15472938.0
2024-02-10 05:00:00,106.921,108.14,110.839,106.86,11124543.0
2024-02-10 17:00:00,108.14,108.976,110.438,107.134,7205175.0
2024-02-11 05:00:00,108.976,109.697,110.34,107.684,7371798.0
2024-02-11 17:00:00,109.697,107.471,110.757,107.202,7656528.0
2024-02-12 05:00:00,107.471,104.222,109.377,103.382,11034449.0
2024-02-12 17:00:00,104.222,111.737,112.333,103.807,17958531.0
2024-02-13 05:00:00,111.737,114.185,115.333,111.737,10918361.0
2024-02-13 17:00:00,114.185,112.539,114.28,108.301,17569960.0
2024-02-14 05:00:00,112.539,115.752,116.438,110.713,10624489.0
2024-02-14 17:00:00,115.752,117.092,118.837,115.1,12098225.0
2024-02-15 05:00:00,117.092,116.163,118.49,114.602,9281197.0
2024-02-15 17:00:00,116.163,113.598,117.406,111.6,15474094.0
2024-02-16 05:00:00,113.598,112.178,114.362,110.012,9026240.0
2024-02-16 17:00:00,112.178,110.392,113.249,108.0,11942777.0
2024-02-17 05:00:00,110.392,109.465,111.163,108.418,6624090.0
2024-02-17 17:00:00,109.465,109.008,109.748,105.551,10026557.0
2024-02-18 05:00:00,109.008,111.834,113.152,107.502,7896303.0
2024-02-18 17:00:00,111.834,112.345,114.177,110.754,8289945.0
2024-02-19 05:00:00,112.345,112.736,113.737,110.785,7971659.0
2024-02-19 17:00:00,112.736,111.658,115.022,111.167,12193915.0
2024-02-20 05:00:00,111.658,110.481,112.242,108.1,9195232.0
2024-02-20 17:00:00,110.481,108.418,110.899,102.625,17316242.0
2024-02-21 05:00:00,108.418,102.82,108.5,102.33,9560825.0
2024-02-21 17:00:00,102.82,105.113,105.802,100.255,14259955.0
2024-02-22 05:00:00,105.113,105.908,107.164,102.122,9426608.0
2024-02-22 17:00:00,105.908,101.805,106.24,101.555,10088176.0
2024-02-23 05:00:00,101.805,102.75,103.2,101.064,6824722.0
2024-02-23 17:00:00,102.75,99.973,102.99,98.674,12273584.0
2024-02-24 05:00:00,99.973,102.224,102.888,98.5,7315520.0
2024-02-24 17:00:00,102.224,104.114,104.93,101.786,6346065.0
2024-02-25 05:00:00,104.114,102.883,104.554,102.033,5916791.0
2024-02-25 17:00:00,102.883,103.569,104.504,102.223,6418106.0
2024-02-26 05:00:00,103.569,101.054,105.2,100.621,8848594.0
2024-02-26 17:00:00,101.054,110.034,110.969,100.35,20142062.0
2024-02-27 05:00:00,110.034,111.658,112.51,109.203,13310666.0
2024-02-27 17:00:00,111.658,108.45,111.937,105.36,14547712.0
2024-02-28 05:00:00,108.45,111.576,115.333,107.316,14929698.0
2024-02-28 17:00:00,111.576,119.425,119.497,104.6,35101159.0
2024-02-29 05:00:00,119.425,129.383,133.209,117.378,26658148.0
2024-02-29 17:00:00,129.383,125.769,134.835,122.618,24328912.0
2024-03-01 05:00:00,125.769,135.574,137.996,125.64,18144499.0
2024-03-01 17:00:00,135.574,129.456,135.575,129.284,14204890.0
2024-03-02 05:00:00,129.456,128.885,131.936,127.362,11546476.0
2024-03-02 17:00:00,128.885,130.184,131.579,127.2,8861454.0
2024-03-03 05:00:00,130.184,128.85,131.503,123.053,14284535.0
2024-03-03 17:00:00,128.85,130.495,132.386,127.619,9002523.0
2024-03-04 05:00:00,130.425,132.773,135.219,128.552,14114479.0
2024-03-04 17:00:00,132.773,133.45,133.924,127.3,15732596.0
2024-03-05 05:00:00,133.45,130.907,133.554,127.575,13433365.0
2024-03-05 17:00:00,130.907,125.358,143.143,103.99,48546975.0
2024-03-06 05:00:00,125.358,132.015,135.121,120.09,17344930.0
2024-03-06 17:00:00,132.015,130.916,132.561,125.3,13226844.0
2024-03-07 05:00:00,130.916,140.42,144.706,130.606,20331942.0
2024-03-07 17:00:00,140.42,143.997,149.631,139.159,17537676.0
2024-03-08 05:00:00,143.997,149.13,149.49,142.136,8148285.0
2024-03-08 17:00:00,149.13,144.879,152.9,141.5,20023454.0
2024-03-09 05:00:00,144.879,146.966,149.308,144.58,6070007.0
2024-03-09 17:00:00,146.966,144.424,147.427,143.503,5618247.0
2024-03-10 05:00:00,144.424,145.545,148.7,143.868,7203847.0
2024-03-10 17:00:00,145.545,144.497,145.998,140.5,8592313.0
2024-03-11 05:00:00,144.497,148.441,150.612,136.371,15398219.0
2024-03-11 17:00:00,148.441,149.062,150.333,145.5,10179155.0
2024-03-12 05:00:00,149.062,150.61,155.3,147.311,15186188.0
2024-03-12 17:00:00,150.61,151.201,152.294,141.6,19525319.0
2024-03-13 05:00:00,151.201,153.93,154.919,148.889,8845166.0
2024-03-13 17:00:00,153.93,164.055,166.967,149.925,18392249.0
2024-03-14 05:00:00,164.055,173.313,174.599,163.239,15523863.0
2024-03-14 17:00:00,173.313,176.851,178.7,159.288,27092271.0
2024-03-15 05:00:00,176.851,170.127,187.088,164.675,39750738.0
2024-03-15 17:00:00,170.127,184.155,189.25,168.263,29160647.0
2024-03-16 05:00:00,184.155,192.782,198.269,180.562,19501855.0
2024-03-16 17:00:00,192.782,182.184,196.398,176.923,27183328.0
2024-03-17 05:00:00,182.184,192.141,193.988,178.65,20309044.0
2024-03-17 17:00:00,192.141,201.962,205.0,188.554,15651820.0
2024-03-18 05:00:00,201.962,208.206,210.425,194.029,18093358.0
2024-03-18 17:00:00,208.206,196.143,209.596,195.43,20512865.0
2024-03-19 05:00:00,196.143,177.902,198.875,171.0,32423573.0
2024-03-19 17:00:00,177.902,169.917,186.433,166.18,26159901.0
2024-03-20 05:00:00,169.917,172.19,177.131,162.453,20073038.0
2024-03-20 17:00:00,172.19,191.916,193.39,165.55,23778801.0
2024-03-21 05:00:00,191.916,189.265,195.933,184.64,14694596.0
2024-03-21 17:00:00,189.265,179.535,191.647,176.0,14221825.0
2024-03-22 05:00:00,179.535,172.25,182.052,171.666,10842178.0
2024-03-22 17:00:00,172.25,175.257,175.284,167.7,13537240.0
2024-03-23 05:00:00,175.257,175.993,178.2,170.555,8804883.0
2024-03-23 17:00:00,175.993,172.725,179.263,172.53,7213484.0
2024-03-24 05:00:00,172.725,174.989,177.708,171.394,6458301.0
2024-03-24 17:00:00,174.989,184.019,186.887,172.519,9090651.0
2024-03-25 05:00:00,184.019,188.079,191.909,181.133,9348945.0
2024-03-25 17:00:00,188.079,189.181,194.699,186.5,11707304.0
2024-03-26 05:00:00,189.181,194.946,196.808,188.204,7912739.0
2024-03-26 17:00:00,194.946,190.623,195.496,186.3,10630711.0
2024-03-27 05:00:00,190.623,188.693,193.0,183.72,7330949.0
2024-03-27 17:00:00,188.693,186.448,191.4,180.29,12680549.0
2024-03-28 05:00:00,186.448,185.563,188.669,181.025,6984971.0
2024-03-28 17:00:00,185.563,189.852,191.18,182.8,8500676.0
2024-03-29 05:00:00,189.852,185.969,190.981,183.547,6495698.0
2024-03-29 17:00:00,185.969,192.2,193.246,184.227,8777447.0
2024-03-30 05:00:00,192.2,197.974,200.4,190.861,9329465.0
2024-03-30 17:00:00,197.974,194.351,198.703,193.5,5870986.0
2024-03-31 05:00:00,194.351,196.067,197.64,193.834,4767789.0
2024-03-31 17:00:00,196.067,202.678,203.459,195.637,6868774.0
2024-04-01 05:00:00,202.678,195.351,204.755,193.0,10531543.0
2024-04-01 17:00:00,195.351,192.355,197.944,186.711,10808513.0
2024-04-02 05:00:00,192.355,180.024,192.415,177.61,12590577.0
2024-04-02 17:00:00,180.024,181.679,186.937,176.011,12697735.0
2024-04-03 05:00:00,181.679,187.88,191.976,177.012,11517590.0
2024-04-03 17:00:00,187.88,185.173,191.338,182.2,9530506.0
2024-04-04 05:00:00,185.173,185.703,187.519,180.33,6277690.0
2024-04-04 17:00:00,185.703,184.123,190.295,181.088,8905033.0
2024-04-05 05:00:00,184.123,169.838,185.324,169.062,11821058.0
2024-04-05 17:00:00,169.838,174.45,177.394,168.1,9896995.0
2024-04-06 05:00:00,174.45,175.794,178.616,173.6,5508155.0
2024-04-06 17:00:00,175.794,178.768,180.0,173.85,9716828.0
2024-04-07 05:00:00,178.768,180.797,182.789,177.317,7072679.0
2024-04-07 17:00:00,180.797,179.615,182.75,176.958,6149589.0
2024-04-08 05:00:00,179.615,182.891,184.799,175.401,8563913.0
2024-04-08 17:00:00,182.891,180.822,183.763,178.57,6513611.0
2024-04-09 05:00:00,180.822,176.371,181.084,173.4,6578017.0
2024-04-09 17:00:00,176.371,172.558,177.85,169.08,10172187.0
2024-04-10 05:00:00,172.558,170.32,173.8,168.3,7032996.0
2024-04-10 17:00:00,170.32,173.438,175.611,162.29,13477528.0
2024-04-11 05:00:00,173.438,170.674,176.158,170.3,6294475.0
2024-04-11 17:00:00,170.674,172.497,176.48,170.171,9888967.0
2024-04-12 05:00:00,172.497,172.774,176.12,171.54,4178680.0
2024-04-12 17:00:00,172.774,153.162,172.821,140.0,23789163.0
2024-04-13 05:00:00,153.162,151.331,154.987,145.48,11078071.0
2024-04-13 17:00:00,151.331,138.467,153.089,112.917,42817273.0
2024-04-14 05:00:00,138.467,138.794,145.519,130.445,18130861.0
2024-04-14 17:00:00,138.794,151.187,152.862,133.39,19474189.0
2024-04-15 05:00:00,151.187,150.928,156.048,146.001,10380410.0
2024-04-15 17:00:00,150.928,138.442,152.193,133.55,20029115.0
2024-04-16 05:00:00,138.442,136.1,140.512,129.631,14640512.0
2024-04-16 17:00:00,136.1,136.183,137.879,126.392,16986403.0
2024-04-17 05:00:00,136.183,134.25,142.622,133.946,11887144.0
2024-04-17 17:00:00,134.25,131.781,137.96,126.812,23800903.0
2024-04-18 05:00:00,131.781,135.721,137.0,127.514,15793665.0
2024-04-18 17:00:00,135.721,141.957,143.88,131.87,15323225.0
2024-04-19 05:00:00,141.957,144.35,146.809,128.401,22428574.0
2024-04-19 17:00:00,144.35,142.444,147.491,140.003,11666366.0
2024-04-20 05:00:00,142.444,141.462,144.95,139.601,7162090.0
2024-04-20 17:00:00,141.462,151.155,152.398,140.877,8664288.0
2024-04-21 05:00:00,151.155,151.39,153.452,148.003,6344223.0
2024-04-21 17:00:00,151.39,148.734,151.682,146.7,6720824.0
2024-04-22 05:00:00,148.734,153.189,156.571,146.544,9592620.0
2024-04-22 17:00:00,153.189,156.881,158.431,151.453,7971517.0
2024-04-23 05:00:00,156.881,153.989,159.222,152.976,6842450.0
2024-04-23 17:00:00,153.989,154.723,159.987,153.468,8331867.0
2024-04-24 05:00:00,154.723,159.269,159.7,154.333,7656016.0
2024-04-24 17:00:00,159.269,147.701,159.618,145.52,14060135.0
2024-04-25 05:00:00,147.701,144.749,149.525,143.08,8973008.0
2024-04-25 17:00:00,144.749,144.786,149.331,142.041,9987154.0
2024-04-26 05:00:00,144.786,143.091,145.067,141.363,6639463.0
2024-04-26 17:00:00,143.091,139.202,146.12,138.456,8777902.0
2024-04-27 05:00:00,139.202,135.858,140.201,132.385,7630501.0
2024-04-27 17:00:00,135.858,141.242,142.965,135.635,7111353.0
2024-04-28 05:00:00,141.242,141.168,144.679,140.712,4973960.0
2024-04-28 17:00:00,141.168,137.922,143.932,136.956,4850101.0
2024-04-29 05:00:00,137.922,134.627,138.885,133.601,7389184.0
2024-04-29 17:00:00,134.627,137.725,138.637,133.212,9295347.0
2024-04-30 05:00:00,137.725,128.73,139.721,128.178,11342804.0
2024-04-30 17:00:00,128.73,126.685,130.307,121.049,15911051.0
2024-05-01 05:00:00,126.685,122.985,127.482,118.265,13460722.0
2024-05-01 17:00:00,122.985,134.541,135.943,121.377,17105685.0
2024-05-02 05:00:00,134.541,138.625,139.287,128.227,11394226.0
2024-05-02 17:00:00,138.625,137.538,140.952,134.967,12557339.0
2024-05-03 05:00:00,137.538,136.842,141.732,135.84,8135568.0
2024-05-03 17:00:00,136.842,143.607,144.968,136.396,11198931.0
2024-05-04 05:00:00,143.607,146.438,149.08,142.148,7605879.0
2024-05-04 17:00:00,146.438,146.007,148.184,145.203,4294962.0
2024-05-05 05:00:00,146.007,146.565,147.197,143.15,5270551.0
2024-05-05 17:00:00,146.565,145.673,147.976,144.601,4327285.0
2024-05-06 05:00:00,145.673,153.945,156.85,145.316,9889918.0
2024-05-06 17:00:00,153.945,152.784,156.37,149.503,11137734.0
2024-05-07 05:00:00,152.784,154.908,159.194,151.729,10154654.0
2024-05-07 17:00:00,154.908,148.011,157.0,147.525,8460114.0
2024-05-08 05:00:00,148.011,145.348,149.885,144.753,7707613.0
2024-05-08 17:00:00,145.348,142.118,149.025,139.892,9953609.0
2024-05-09 05:00:00,142.118,142.754,145.772,140.535,6357632.0
2024-05-09 17:00:00,142.754,152.459,153.36,141.55,9200409.0
2024-05-10 05:00:00,152.459,154.958,155.7,151.256,5559001.0
2024-05-10 17:00:00,154.958,145.966,155.3,144.177,12065509.0
2024-05-11 05:00:00,145.966,144.197,147.657,143.068,5053742.0
2024-05-11 17:00:00,144.197,145.355,147.001,143.801,3851970.0
2024-05-12 05:00:00,145.355,145.0,147.755,143.611,4173302.0
2024-05-12 17:00:00,145.0,143.364,146.364,142.198,3774024.0
2024-05-13 05:00:00,143.364,145.563,147.444,137.78,11418472.0
2024-05-13 17:00:00,145.563,147.496,150.78,144.75,8044855.0
2024-05-14 05:00:00,147.496,146.525,149.036,143.585,6705486.0
2024-05-14 17:00:00,146.525,141.963,148.389,141.762,8216019.0
2024-05-15 05:00:00,141.963,144.101,146.051,141.1,5267277.0
2024-05-15 17:00:00,144.101,158.423,158.741,143.551,14029758.0
2024-05-16 05:00:00,158.423,163.662,164.769,157.999,8169640.0
2024-05-16 17:00:00,163.662,159.303,163.698,156.4,9866800.0
2024-05-17 05:00:00,159.303,167.41,170.0,159.251,9061190.0
2024-05-17 17:00:00,167.41,169.351,172.0,165.603,7559694.0
2024-05-18 05:00:00,169.351,174.298,175.9,168.534,6331437.0
2024-05-18 17:00:00,174.298,172.299,174.692,170.302,5407578.0
2024-05-19 05:00:00,172.299,171.671,175.495,170.727,5214067.0
2024-05-19 17:00:00,171.671,169.853,171.77,165.968,8035656.0
2024-05-20 05:00:00,169.853,177.66,179.5,167.555,10142808.0
2024-05-20 17:00:00,177.66,186.701,188.587,175.2,14110270.0
2024-05-21 05:00:00,186.701,180.407,188.955,180.241,8654161.0
2024-05-21 17:00:00,180.407,178.15,181.4,174.338,8143032.0
2024-05-22 05:00:00,178.15,178.065,182.955,175.05,6878436.0
2024-05-22 17:00:00,178.065,177.03,183.649,176.172,9971762.0
2024-05-23 05:00:00,177.03,175.668,179.431,173.067,5881175.0
2024-05-23 17:00:00,175.668,176.182,181.365,164.6,14253683.0
2024-05-24 05:00:00,176.182,166.356,176.182,162.432,9219554.0
2024-05-24 17:00:00,166.356,167.657,170.352,164.569,6846524.0
2024-05-25 05:00:00,167.657,168.563,170.561,165.845,4111996.0
2024-05-25 17:00:00,168.563,168.356,168.9,166.411,3252808.0
2024-05-26 05:00:00,168.356,164.094,168.408,162.176,4933566.0
2024-05-26 17:00:00,164.094,163.505,165.937,161.002,5511472.0
2024-05-27 05:00:00,163.505,167.78,168.153,163.407,5126670.0
2024-05-27 17:00:00,167.78,170.249,172.412,166.711,6994509.0
2024-05-28 05:00:00,170.249,169.944,172.275,165.009,6907824.0
2024-05-28 17:00:00,169.944,168.807,173.364,166.112,8247253.0
2024-05-29 05:00:00,168.807,168.386,174.06,167.507,6172027.0
2024-05-29 17:00:00,168.386,168.418,171.987,167.259,6702207.0
2024-05-30 05:00:00,168.418,166.318,171.107,163.64,5817257.0
2024-05-30 17:00:00,166.318,166.986,172.735,166.079,6526969.0
2024-05-31 05:00:00,166.986,168.844,169.13,165.086,3706357.0
2024-05-31 17:00:00,168.844,165.762,171.074,164.0,6378216.0
2024-06-01 05:00:00,165.762,167.033,167.924,165.761,2259364.0
2024-06-01 17:00:00,167.033,166.281,168.0,165.772,2282131.0
2024-06-02 05:00:00,166.281,166.142,167.245,164.079,2903131.0
2024-06-02 17:00:00,166.142,163.251,166.381,161.357,4333357.0
2024-06-03 05:00:00,163.251,164.913,167.0,161.904,4845551.0
2024-06-03 17:00:00,164.913,164.995,167.405,163.031,5705863.0
2024-06-04 05:00:00,164.995,165.619,167.117,164.348,2865975.0
2024-06-04 17:00:00,165.619,171.888,172.038,165.393,5867038.0
2024-06-05 05:00:00,171.888,172.959,175.021,171.2,5057105.0
2024-06-05 17:00:00,172.959,173.668,175.784,171.332,5014585.0
2024-06-06 05:00:00,173.668,173.239,174.49,171.644,2598162.0
2024-06-06 17:00:00,173.239,170.271,173.84,167.495,4753300.0
2024-06-07 05:00:00,170.271,172.28,172.663,169.07,2965332.0
2024-06-07 17:00:00,172.28,162.524,173.0,152.22,12347417.0
2024-06-08 05:00:00,162.524,160.52,163.819,160.1,3334980.0
2024-06-08 17:00:00,160.52,157.838,161.387,157.4,4009477.0
2024-06-09 05:00:00,157.838,159.422,159.837,156.504,2595131.0
2024-06-09 17:00:00,159.422,162.116,163.078,159.2,3655721.0
2024-06-10 05:00:00,162.116,159.438,162.216,157.466,3538269.0
2024-06-10 17:00:00,159.438,159.096,163.2,157.692,5244664.0
2024-06-11 05:00:00,159.096,153.908,159.772,152.4,7273311.0
2024-06-11 17:00:00,153.908,149.245,154.5,145.121,9163929.0
2024-06-12 05:00:00,149.245,151.698,153.477,145.4,5509233.0
2024-06-12 17:00:00,151.698,155.173,161.749,151.11,11941022.0
2024-06-13 05:00:00,155.173,149.577,155.186,149.0,4913467.0
2024-06-13 17:00:00,149.577,147.209,152.361,146.0,6938329.0
2024-06-14 05:00:00,147.209,148.036,149.711,145.743,4050227.0
2024-06-14 17:00:00,148.036,142.974,148.957,139.5,10068753.0
2024-06-15 05:00:00,142.974,144.448,145.488,142.854,3014459.0
2024-06-15 17:00:00,144.448,145.45,145.74,143.778,2494958.0
2024-06-16 05:00:00,145.45,144.947,145.691,143.02,2657539.0
2024-06-16 17:00:00,144.947,151.245,151.347,144.709,4708054.0
2024-06-17 05:00:00,151.245,143.861,151.747,141.499,7023569.0
2024-06-17 17:00:00,143.861,143.197,146.769,139.765,7346381.0
2024-06-18 05:00:00,143.197,137.104,143.749,127.0,13639654.0
2024-06-18 17:00:00,137.104,137.359,138.433,130.35,11609281.0
2024-06-19 05:00:00,137.359,137.891,141.876,136.06,7892544.0
2024-06-19 17:00:00,137.891,135.557,138.997,134.402,5778229.0
2024-06-20 05:00:00,135.557,139.271,141.255,132.482,8376683.0
2024-06-20 17:00:00,139.271,133.5,139.679,131.8,8217728.0
2024-06-21 05:00:00,133.5,132.031,134.768,129.522,6493543.0
2024-06-21 17:00:00,132.031,134.534,135.35,128.639,9683195.0
2024-06-22 05:00:00,134.534,134.458,136.679,132.937,4076067.0
2024-06-22 17:00:00,134.458,133.627,134.985,133.065,2148854.0
2024-06-23 05:00:00,133.627,133.971,135.064,133.409,2370372.0
2024-06-23 17:00:00,133.971,128.661,134.318,128.164,5684755.0
2024-06-24 05:00:00,128.661,127.045,129.743,121.4,12316877.0
2024-06-24 17:00:00,127.045,132.237,132.579,125.0,12708112.0
2024-06-25 05:00:00,132.237,137.753,139.168,131.143,8262809.0
2024-06-25 17:00:00,137.753,136.544,139.857,135.883,6517052.0
2024-06-26 05:00:00,136.544,137.286,140.38,136.002,4899512.0
2024-06-26 17:00:00,137.286,136.808,139.427,134.8,5967288.0
2024-06-27 05:00:00,136.808,139.015,139.456,135.179,4269175.0
2024-06-27 17:00:00,139.015,149.651,151.25,138.466,16454440.0
2024-06-28 05:00:00,149.651,145.413,150.899,143.729,7298303.0
2024-06-28 17:00:00,145.413,139.98,146.875,138.937,11310759.0
2024-06-29 05:00:00,139.98,142.575,143.17,139.923,3853090.0
2024-06-29 17:00:00,142.575,140.234,142.935,139.626,2778008.0
2024-06-30 05:00:00,140.234,141.157,141.74,137.1,5078323.0
2024-06-30 17:00:00,141.157,146.582,147.574,140.556,5751203.0
2024-07-01 05:00:00,146.582,146.125,149.115,145.802,5349832.0
2024-07-01 17:00:00,146.125,146.625,149.396,145.931,5456157.0
2024-07-02 05:00:00,146.625,149.609,150.0,146.096,4547052.0
2024-07-02 17:00:00,149.609,153.97,154.915,147.05,9201756.0
2024-07-03 05:00:00,153.97,143.999,154.417,142.679,10742298.0
2024-07-03 17:00:00,143.999,140.737,144.275,139.107,9383938.0
2024-07-04 05:00:00,140.737,132.698,142.685,132.063,13034875.0
2024-07-04 17:00:00,132.698,127.76,135.9,127.0,12057279.0
2024-07-05 05:00:00,127.76,130.009,130.744,120.069,23274044.0
2024-07-05 17:00:00,130.009,134.23,136.388,128.277,12682168.0
2024-07-06 05:00:00,134.23,138.654,140.564,132.261,7577243.0
2024-07-06 17:00:00,138.654,142.996,144.5,137.679,7041704.0
2024-07-07 05:00:00,142.996,139.848,143.29,138.003,6341987.0
2024-07-07 17:00:00,139.848,131.599,140.747,131.178,7781313.0
2024-07-08 05:00:00,131.599,140.556,141.935,127.669,15250148.0
2024-07-08 17:00:00,140.556,139.74,141.955,133.5,11979215.0
2024-07-09 05:00:00,139.74,141.833,144.291,136.387,9010037.0
2024-07-09 17:00:00,141.833,141.391,143.495,138.55,7095123.0
2024-07-10 05:00:00,141.391,142.72,146.148,138.51,6647365.0
2024-07-10 17:00:00,142.72,141.927,143.124,139.888,5633289.0
2024-07-11 05:00:00,141.927,143.424,143.888,139.012,5265298.0
2024-07-11 17:00:00,143.424,135.702,146.071,135.602,10456982.0
2024-07-12 05:00:00,135.702,135.585,138.127,133.78,7132203.0
2024-07-12 17:00:00,135.585,139.379,140.5,135.328,6889175.0
2024-07-13 05:00:00,139.379,140.053,140.9,137.87,3445637.0
2024-07-13 17:00:00,140.053,141.811,143.571,139.025,4268938.0
2024-07-14 05:00:00,141.811,144.84,146.881,141.788,7204369.0
2024-07-14 17:00:00,144.84,147.575,148.5,143.305,5111424.0
2024-07-15 05:00:00,147.575,151.604,154.0,146.914,7025799.0
2024-07-15 17:00:00,151.604,159.294,159.85,151.581,7498785.0
2024-07-16 05:00:00,159.294,157.253,160.161,152.502,8940889.0
2024-07-16 17:00:00,157.253,160.592,162.447,154.333,8513162.0
2024-07-17 05:00:00,160.592,160.773,163.722,159.471,6014209.0
2024-07-17 17:00:00,160.773,155.467,161.986,154.576,7027510.0
2024-07-18 05:00:00,155.467,159.392,159.945,155.466,4658108.0
2024-07-18 17:00:00,159.392,159.146,161.576,155.07,6704458.0
2024-07-19 05:00:00,159.146,162.602,165.666,156.068,9161020.0
2024-07-19 17:00:00,162.602,169.064,172.585,162.171,10863646.0
2024-07-20 05:00:00,169.064,167.979,171.8,167.541,3752599.0
2024-07-20 17:00:00,167.979,173.532,175.497,167.187,5818922.0
2024-07-21 05:00:00,173.532,172.808,175.5,170.906,3582522.0
2024-07-21 17:00:00,172.808,184.473,185.32,170.458,13006096.0
2024-07-22 05:00:00,184.473,180.484,185.015,176.667,6416486.0
2024-07-22 17:00:00,180.484,178.823,183.387,176.854,7271148.0
2024-07-23 05:00:00,178.823,175.566,180.5,173.7,7147987.0
2024-07-23 17:00:00,175.566,172.912,178.328,170.35,9954933.0
2024-07-24 05:00:00,172.912,177.677,178.498,170.878,5218615.0
2024-07-24 17:00:00,177.677,177.983,182.5,175.343,11160333.0
2024-07-25 05:00:00,177.983,168.739,179.5,167.0,11440751.0
2024-07-25 17:00:00,168.739,171.759,172.842,165.304,11451290.0
2024-07-26 05:00:00,171.759,178.726,179.998,171.582,6733078.0
2024-07-26 17:00:00,178.726,182.991,184.0,177.402,7075260.0
2024-07-27 05:00:00,182.991,185.324,187.347,181.246,5434399.0
2024-07-27 17:00:00,185.324,183.903,188.34,178.027,12736615.0
2024-07-28 05:00:00,183.903,185.148,186.647,181.11,5034107.0
2024-07-28 17:00:00,185.148,184.808,186.575,182.5,4727627.0
2024-07-29 05:00:00,184.808,190.76,193.893,184.28,9199872.0
2024-07-29 17:00:00,190.76,182.509,193.5,181.444,10524319.0
2024-07-30 05:00:00,182.509,180.967,184.773,179.2,7219933.0
2024-07-30 17:00:00,180.967,179.072,182.64,175.213,8235173.0
2024-07-31 05:00:00,179.072,181.628,184.572,177.807,5886596.0
2024-07-31 17:00:00,181.628,171.632,184.214,171.53,10176445.0
2024-08-01 05:00:00,171.632,169.609,172.859,165.973,8536704.0
2024-08-01 17:00:00,169.609,167.294,171.383,157.828,15215850.0
2024-08-02 05:00:00,167.294,164.307,169.357,158.977,8715213.0
2024-08-02 17:00:00,164.307,152.711,167.588,149.735,19390833.0
2024-08-03 05:00:00,152.711,152.311,153.996,148.2,8728272.0
2024-08-03 17:00:00,152.311,142.456,153.54,139.412,16226213.0
2024-08-04 05:00:00,142.456,143.436,145.984,139.5,7781102.0
2024-08-04 17:00:00,143.436,138.291,145.032,131.0,23048079.0
2024-08-05 05:00:00,138.291,115.902,139.343,109.162,61537686.0
2024-08-05 17:00:00,115.902,129.768,135.49,109.903,36928664.0
2024-08-06 05:00:00,129.768,139.348,143.913,129.352,17613485.0
2024-08-06 17:00:00,139.348,144.328,149.5,136.052,19944328.0
2024-08-07 05:00:00,144.328,151.552,154.888,142.1,16309631.0
2024-08-07 17:00:00,151.552,144.736,154.447,142.223,21108260.0
2024-08-08 05:00:00,144.736,154.04,156.448,141.315,14064510.0
2024-08-08 17:00:00,154.04,163.069,163.712,152.5,20999935.0
2024-08-09 05:00:00,163.069,156.553,163.496,155.229,8977327.0
2024-08-09 17:00:00,156.553,156.188,157.493,150.632,12373262.0
2024-08-10 05:00:00,156.188,154.757,158.705,152.54,5925319.0
2024-08-10 17:00:00,154.757,153.932,155.229,152.7,4752729.0
2024-08-11 05:00:00,153.932,153.567,157.95,152.9,5307838.0
2024-08-11 17:00:00,153.567,141.492,153.73,141.038,12276833.0
2024-08-12 05:00:00,141.492,150.144,150.727,141.128,12025736.0
2024-08-12 17:00:00,150.144,146.241,150.45,141.699,15333239.0
2024-08-13 05:00:00,146.241,145.835,147.32,142.853,7407538.0
2024-08-13 17:00:00,145.835,146.565,149.776,144.566,10051287.0
2024-08-14 05:00:00,146.565,147.943,148.93,143.51,6461264.0
2024-08-14 17:00:00,147.943,143.644,152.13,142.215,13613109.0
2024-08-15 05:00:00,143.644,143.054,145.349,140.814,7035408.0
2024-08-15 17:00:00,143.054,142.538,147.66,137.65,17361922.0
2024-08-16 05:00:00,142.538,141.901,144.863,140.673,7300785.0
2024-08-16 17:00:00,141.901,138.986,142.569,136.05,14478338.0
2024-08-17 05:00:00,138.986,139.057,140.25,137.519,4637976.0
2024-08-17 17:00:00,139.057,141.83,141.9,138.865,4880000.0
2024-08-18 05:00:00,141.83,144.52,147.445,140.462,7034746.0
2024-08-18 17:00:00,144.52,142.354,147.0,142.251,6809103.0
2024-08-19 05:00:00,142.354,142.275,143.477,140.252,6682522.0
2024-08-19 17:00:00,142.275,144.201,146.2,141.584,8642698.0
2024-08-20 05:00:00,144.201,145.332,148.778,143.37,7305809.0
2024-08-20 17:00:00,145.332,142.21,146.365,140.885,8354355.0
2024-08-21 05:00:00,142.21,141.238,143.77,140.832,4415728.0
2024-08-21 17:00:00,141.238,142.726,144.3,138.689,10681461.0
2024-08-22 05:00:00,142.726,144.431,144.722,140.51,4648549.0
2024-08-22 17:00:00,144.431,143.159,144.828,141.879,4637354.0
2024-08-23 05:00:00,143.159,143.415,145.879,143.094,4931245.0
2024-08-23 17:00:00,143.415,153.228,153.999,142.589,13325673.0
2024-08-24 05:00:00,153.228,157.289,158.68,151.894,7061126.0
2024-08-24 17:00:00,157.289,160.558,162.325,156.888,9152126.0
2024-08-25 05:00:00,160.558,157.186,160.66,155.21,6407000.0
2024-08-25 17:00:00,157.186,158.88,161.89,156.844,6637198.0
2024-08-26 05:00:00,158.88,160.309,162.0,157.381,7075418.0
2024-08-26 17:00:00,160.309,157.052,161.722,155.451,11648143.0
2024-08-27 05:00:00,157.052,154.202,159.622,153.23,6704055.0
2024-08-27 17:00:00,154.202,146.727,155.737,145.0,13578931.0
2024-08-28 05:00:00,146.727,147.058,148.846,142.68,8510496.0
2024-08-28 17:00:00,147.058,143.892,148.479,140.422,13991359.0
2024-08-29 05:00:00,143.892,145.52,146.783,142.821,6282165.0
2024-08-29 17:00:00,145.52,139.948,147.332,137.952,10780563.0
2024-08-30 05:00:00,139.948,138.569,141.046,137.021,6107326.0
2024-08-30 17:00:00,138.569,137.921,140.681,132.002,14053480.0
2024-08-31 05:00:00,137.921,136.941,139.16,135.729,3506588.0
2024-08-31 17:00:00,136.941,135.266,137.23,134.402,3632090.0
2024-09-01 05:00:00,135.266,131.819,135.576,130.12,7141970.0
2024-09-01 17:00:00,131.819,128.411,136.133,127.6,11941674.0
2024-09-02 05:00:00,128.411,131.775,132.871,126.756,11393552.0
2024-09-02 17:00:00,131.775,134.865,135.343,129.888,7953869.0
2024-09-03 05:00:00,134.865,134.307,137.5,132.712,6398863.0
2024-09-03 17:00:00,134.307,127.506,135.454,127.082,9667269.0
2024-09-04 05:00:00,127.506,128.359,131.398,122.0,12467718.0
2024-09-04 17:00:00,128.359,133.564,134.91,127.809,10574919.0
2024-09-05 05:00:00,133.564,132.78,134.335,130.735,6959047.0
2024-09-05 17:00:00,132.78,129.337,135.511,127.777,12057628.0
2024-09-06 05:00:00,129.337,130.185,131.493,127.39,7703484.0
2024-09-06 17:00:00,130.185,124.959,134.22,120.479,23103208.0
2024-09-07 05:00:00,124.959,126.928,128.45,124.1,5359500.0
2024-09-07 17:00:00,126.928,127.656,129.4,126.19,5749499.0
2024-09-08 05:00:00,127.656,130.028,130.926,126.828,4890963.0
2024-09-08 17:00:00,130.028,130.073,131.673,126.542,8027778.0
2024-09-09 05:00:00,130.073,129.376,130.955,127.432,6554829.0
2024-09-09 17:00:00,129.376,135.014,137.064,126.847,14296399.0
2024-09-10 05:00:00,135.014,135.137,135.43,132.434,5103776.0
2024-09-10 17:00:00,135.137,135.563,137.983,133.27,8842562.0
2024-09-11 05:00:00,135.563,131.925,135.815,130.3,7710408.0
2024-09-11 17:00:00,131.925,132.346,133.488,128.113,11244643.0
2024-09-12 05:00:00,132.346,134.716,136.2,132.298,5829032.0
2024-09-12 17:00:00,134.716,135.997,136.712,133.34,7331406.0
2024-09-13 05:00:00,135.997,132.499,136.162,132.422,4262333.0
2024-09-13 17:00:00,132.499,138.916,139.828,131.605,10700225.0
2024-09-14 05:00:00,138.916,136.735,139.747,136.435,4170123.0
2024-09-14 17:00:00,136.735,137.068,138.148,135.4,3743511.0
2024-09-15 05:00:00,137.068,135.531,137.873,135.127,2680150.0
2024-09-15 17:00:00,135.531,131.319,136.296,130.322,7795226.0
2024-09-16 05:00:00,131.319,131.833,132.345,129.144,5930242.0
2024-09-16 17:00:00,131.833,131.412,132.336,128.84,7223479.0
2024-09-17 05:00:00,131.412,131.875,133.299,129.84,4669062.0
2024-09-17 17:00:00,131.875,131.467,135.5,130.806,10288560.0
2024-09-18 05:00:00,131.467,129.347,132.068,128.037,5542896.0
2024-09-18 17:00:00,129.347,134.299,134.387,126.96,13242468.0
2024-09-19 05:00:00,134.299,139.368,139.6,134.13,9578999.0
2024-09-19 17:00:00,139.368,142.82,144.0,139.342,10595959.0
2024-09-20 05:00:00,142.82,150.508,152.5,141.131,14040171.0
2024-09-20 17:00:00,150.508,146.627,151.11,144.77,10826086.0
2024-09-21 05:00:00,146.627,147.142,147.957,144.54,4576999.0
2024-09-21 17:00:00,147.142,149.372,149.775,146.626,4831302.0
2024-09-22 05:00:00,149.372,144.775,149.871,144.08,5707580.0
2024-09-22 17:00:00,144.775,144.587,145.708,140.935,8483728.0
2024-09-23 05:00:00,144.587,143.532,149.0,142.024,9144600.0
2024-09-23 17:00:00,143.532,144.691,145.453,142.303,7413397.0
2024-09-24 05:00:00,144.691,146.38,148.72,143.006,8197211.0
2024-09-24 17:00:00,146.38,152.712,154.074,144.101,12887461.0
2024-09-25 05:00:00,152.712,150.886,153.868,148.91,6802555.0
2024-09-25 17:00:00,150.886,147.88,152.98,147.21,7188461.0
2024-09-26 05:00:00,147.88,152.87,153.141,146.505,7007158.0
2024-09-26 17:00:00,152.87,155.48,158.265,151.215,13110652.0
2024-09-27 05:00:00,155.48,155.968,159.223,153.756,7631927.0
2024-09-27 17:00:00,155.968,157.591,161.288,155.372,9729374.0
2024-09-28 05:00:00,157.591,157.137,159.376,154.831,5142745.0
2024-09-28 17:00:00,157.137,156.682,157.968,155.537,3412199.0
2024-09-29 05:00:00,156.682,156.689,158.499,155.0,4913776.0
2024-09-29 17:00:00,156.689,158.385,161.761,155.552,7245798.0
2024-09-30 05:00:00,158.385,155.56,159.744,153.71,9468023.0
2024-09-30 17:00:00,155.56,152.428,157.364,151.658,8161392.0
2024-10-01 05:00:00,152.428,156.455,157.288,151.414,5364740.0
2024-10-01 17:00:00,156.455,145.071,156.66,142.2,20736306.0
2024-10-02 05:00:00,145.071,146.073,148.883,143.35,7309266.0
2024-10-02 17:00:00,146.073,140.082,148.365,138.5,13530386.0
2024-10-03 05:00:00,140.082,136.783,142.875,135.114,9844271.0
2024-10-03 17:00:00,136.783,136.733,138.487,133.002,13188311.0
2024-10-04 05:00:00,136.733,140.024,140.984,135.864,5798408.0
2024-10-04 17:00:00,140.024,143.159,144.498,138.042,10092877.0
2024-10-05 05:00:00,143.159,143.356,144.893,141.5,4322323.0
2024-10-05 17:00:00,143.356,142.538,144.096,141.004,3731676.0
2024-10-06 05:00:00,142.538,143.964,144.272,141.929,2678292.0
2024-10-06 17:00:00,143.964,146.412,146.744,143.888,5313539.0
2024-10-07 05:00:00,146.412,147.333,150.992,145.537,8162279.0
2024-10-07 17:00:00,147.333,143.909,152.28,143.353,10642370.0
2024-10-08 05:00:00,143.909,144.401,145.521,142.09,5595330.0
2024-10-08 17:00:00,144.401,143.417,145.472,141.04,6689059.0
2024-10-09 05:00:00,143.417,143.144,145.285,142.42,3833647.0
2024-10-09 17:00:00,143.144,139.266,143.295,138.611,8483365.0
2024-10-10 05:00:00,139.266,140.348,140.9,137.333,5024562.0
2024-10-10 17:00:00,140.348,138.963,140.7,135.427,8958491.0
2024-10-11 05:00:00,138.963,141.893,142.6,138.648,4830321.0
2024-10-11 17:00:00,141.893,145.47,146.448,141.786,7403067.0
2024-10-12 05:00:00,145.47,146.172,147.154,144.639,3104452.0
2024-10-12 17:00:00,146.172,146.318,147.2,145.607,3556720.0
2024-10-13 05:00:00,146.318,146.392,148.349,145.067,3605371.0
2024-10-13 17:00:00,146.392,147.645,148.829,144.382,5912230.0
2024-10-14 05:00:00,147.645,153.08,153.9,146.705,7861212.0
2024-10-14 17:00:00,153.08,157.52,159.0,152.46,7311485.0
2024-10-15 05:00:00,157.52,152.37,158.25,151.7,5941104.0
2024-10-15 17:00:00,152.37,154.69,159.98,150.19,13451462.0
2024-10-16 05:00:00,154.69,155.79,158.36,152.9,6495181.0
2024-10-16 17:00:00,155.79,154.19,156.87,153.51,6046610.0
2024-10-17 05:00:00,154.19,151.26,155.7,151.03,5090014.0
2024-10-17 17:00:00,151.26,150.45,153.21,147.62,6934309.0
2024-10-18 05:00:00,150.45,152.96,154.27,149.55,4158893.0
2024-10-18 17:00:00,152.96,154.86,156.64,152.06,5334683.0
2024-10-19 05:00:00,154.86,153.77,155.93,153.51,2140748.0
2024-10-19 17:00:00,153.77,159.7,159.78,153.72,4546243.0
2024-10-20 05:00:00,159.7,159.15,160.59,158.06,4035077.0
2024-10-20 17:00:00,159.15,167.42,167.95,157.54,10457012.0
2024-10-21 05:00:00,167.42,166.47,171.93,165.8,9844219.0
2024-10-21 17:00:00,166.47,166.13,168.22,161.35,10728735.0
2024-10-22 05:00:00,166.13,167.89,169.37,162.96,9007554.0
2024-10-22 17:00:00,167.89,167.56,170.95,164.79,9543152.0
2024-10-23 05:00:00,167.56,166.35,167.909,164.1,6155748.0
2024-10-23 17:00:00,166.35,170.81,174.32,164.6,13756218.0
2024-10-24 05:00:00,170.81,173.78,175.25,170.46,7596331.0
2024-10-24 17:00:00,173.78,177.1,179.3,173.62,9462924.0
2024-10-25 05:00:00,177.1,173.56,177.4,170.7,7833714.0
2024-10-25 17:00:00,173.56,164.8,177.56,159.12,20307927.0
2024-10-26 05:00:00,164.8,168.61,170.28,162.41,7568968.0
2024-10-26 17:00:00,168.61,170.81,173.2,167.1,5749239.0
2024-10-27 05:00:00,170.81,173.96,175.46,170.2,5091334.0
2024-10-27 17:00:00,173.96,176.58,178.22,173.95,7253047.0
2024-10-28 05:00:00,176.58,176.88,178.47,173.06,7376238.0
2024-10-28 17:00:00,176.88,178.2,179.8,172.31,11448947.0
2024-10-29 05:00:00,178.2,180.73,182.81,177.06,7803620.0
2024-10-29 17:00:00,180.73,179.4,183.34,176.31,11399935.0
2024-10-30 05:00:00,179.4,175.69,181.39,175.29,6068114.0
2024-10-30 17:00:00,175.69,174.83,177.24,171.7,8424045.0
2024-10-31 05:00:00,174.83,174.99,176.55,173.1,4524790.0
2024-10-31 17:00:00,174.99,168.62,175.43,167.46,9737686.0
2024-11-01 05:00:00,168.62,167.85,169.42,165.03,5800283.0
2024-11-01 17:00:00,167.85,166.01,173.99,163.0,12430145.0
2024-11-02 05:00:00,166.01,165.92,168.57,165.59,3061728.0
2024-11-02 17:00:00,165.92,166.09,166.86,162.1,5072107.0
2024-11-03 05:00:00,166.09,163.53,166.54,160.71,6257227.0
2024-11-03 17:00:00,163.53,162.44,164.55,157.77,10245928.0
2024-11-04 05:00:00,162.44,163.98,164.953,160.0,5825083.0
2024-11-04 17:00:00,163.98,157.87,164.93,155.03,8581544.0
2024-11-05 05:00:00,157.87,162.26,163.02,156.81,5463089.0
2024-11-05 17:00:00,162.26,166.55,169.2,161.74,11048002.0
2024-11-06 05:00:00,166.55,186.77,188.43,166.27,28553170.0
2024-11-06 17:00:00,186.77,186.61,190.18,184.33,13600867.0
2024-11-07 05:00:00,186.61,186.1,192.08,185.8,8628897.0
2024-11-07 17:00:00,186.1,196.47,197.94,185.98,13761837.0
2024-11-08 05:00:00,196.47,203.11,205.0,195.69,11450176.0
2024-11-08 17:00:00,203.11,199.92,205.33,196.23,11866512.0
2024-11-09 05:00:00,199.92,202.25,203.56,197.24,6216202.0
2024-11-09 17:00:00,202.25,199.94,202.65,195.02,7504197.0
2024-11-10 05:00:00,199.94,206.78,209.5,198.74,11710471.0
2024-11-10 17:00:00,206.78,210.29,215.64,200.0,18644729.0
2024-11-11 05:00:00,210.29,217.82,217.88,204.26,11477228.0
2024-11-11 17:00:00,217.82,222.33,224.35,214.66,18627162.0
2024-11-12 05:00:00,222.33,211.5,225.69,209.24,17968358.0
2024-11-12 17:00:00,211.5,211.77,215.71,205.01,14558097.0
2024-11-13 05:00:00,211.77,207.8,213.43,200.85,13104362.0
2024-11-13 17:00:00,207.8,215.28,220.77,206.04,21808764.0
2024-11-14 05:00:00,215.28,216.14,223.04,212.19,11254592.0
2024-11-14 17:00:00,216.14,209.65,218.08,206.85,11400373.0
2024-11-15 05:00:00,209.65,213.63,213.984,204.51,7550123.0
2024-11-15 17:00:00,213.63,218.68,221.05,206.75,10519608.0
2024-11-16 05:00:00,218.68,219.1,222.16,216.05,5389475.0
2024-11-16 17:00:00,219.1,215.87,222.13,213.45,8152380.0
2024-11-17 05:00:00,215.87,235.05,242.49,212.18,18394038.0
2024-11-17 17:00:00,235.05,237.61,238.61,229.44,10334709.0
2024-11-18 05:00:00,237.61,242.732,248.66,234.12,11957770.0
2024-11-18 17:00:00,242.732,239.96,245.18,234.31,12640810.0
2024-11-19 05:00:00,239.96,246.23,247.37,237.65,7156198.0
2024-11-19 17:00:00,246.23,237.69,247.82,233.47,11637880.0
2024-11-20 05:00:00,237.69,237.53,238.82,230.56,7486551.0
2024-11-20 17:00:00,237.53,235.47,242.58,231.03,10752055.0
2024-11-21 05:00:00,235.47,240.01,243.46,229.35,10233247.0
2024-11-21 17:00:00,240.01,256.59,260.28,239.98,20695507.0
2024-11-22 05:00:00,256.59,259.43,264.64,252.52,8770890.0
2024-11-22 17:00:00,259.43,257.1,260.57,251.51,8798189.0
2024-11-23 05:00:00,257.1,256.28,264.4,253.43,7178568.0
2024-11-23 17:00:00,256.28,255.07,263.83,252.84,9494988.0
2024-11-24 05:00:00,255.07,248.62,260.09,248.17,5195906.0
2024-11-24 17:00:00,248.62,252.94,254.94,241.1,7759486.0
2024-11-25 05:00:00,252.94,252.33,257.04,245.81,5103412.0
2024-11-25 17:00:00,252.33,234.29,252.73,231.28,12694961.0
2024-11-26 05:00:00,234.29,227.73,239.74,221.71,9356372.0
2024-11-26 17:00:00,227.73,230.73,232.58,223.43,8778282.0
2024-11-27 05:00:00,230.73,235.04,237.18,227.45,5928220.0
2024-11-27 17:00:00,235.04,242.05,243.42,232.65,7019570.0
2024-11-28 05:00:00,242.05,236.91,245.38,234.32,5842843.0
2024-11-28 17:00:00,236.91,237.6,238.4,232.78,4402647.0
2024-11-29 05:00:00,237.6,245.34,245.64,236.52,4862742.0
2024-11-29 17:00:00,245.34,243.44,246.88,240.08,5832666.0
2024-11-30 05:00:00,243.44,241.57,245.59,239.0,4481317.0
2024-11-30 17:00:00,241.57,237.73,243.25,237.55,3541344.0
2024-12-01 05:00:00,237.73,237.28,240.06,234.18,4332972.0
2024-12-01 17:00:00,237.28,237.06,239.58,234.34,4125483.0
2024-12-02 05:00:00,237.06,224.98,238.59,223.07,10885075.0
2024-12-02 17:00:00,224.98,225.88,230.2,220.11,9121962.0
2024-12-03 05:00:00,225.88,225.79,231.19,223.04,6837906.0
2024-12-03 17:00:00,225.79,234.1,239.81,215.11,15716038.0
2024-12-04 05:00:00,234.1,236.2,241.07,234.1,6655850.0
2024-12-04 17:00:00,236.2,229.32,236.5,224.82,11732656.0
2024-12-05 05:00:00,229.32,242.14,242.86,223.11,12151838.0
2024-12-05 17:00:00,242.14,236.05,245.12,224.0,14991536.0
2024-12-06 05:00:00,236.05,234.27,247.32,233.72,9007339.0
2024-12-06 17:00:00,234.27,237.08,240.99,231.03,8435885.0
2024-12-07 05:00:00,237.08,238.34,239.51,234.21,3736298.0
2024-12-07 17:00:00,238.34,238.3,243.89,237.48,6456997.0
2024-12-08 05:00:00,238.3,236.08,241.76,233.33,4790010.0
2024-12-08 17:00:00,236.08,237.24,237.99,234.2,3820469.0
2024-12-09 05:00:00,237.24,226.16,237.5,225.5,8006973.0
2024-12-09 17:00:00,226.16,216.65,231.87,200.0,20455998.0
2024-12-10 05:00:00,216.65,216.18,221.02,206.95,9823634.0
2024-12-10 17:00:00,216.18,213.58,218.56,203.17,15481414.0
2024-12-11 05:00:00,213.58,224.69,225.38,211.43,7427704.0
2024-12-11 17:00:00,224.69,227.29,230.65,224.01,7376928.0
2024-12-12 05:00:00,227.29,229.55,233.48,225.65,5980296.0
2024-12-12 17:00:00,229.55,226.88,234.66,225.65,7589280.0
2024-12-13 05:00:00,226.88,225.53,228.4,223.08,4465909.0
2024-12-13 17:00:00,225.53,224.71,226.62,220.5,6428096.0
2024-12-14 05:00:00,224.71,224.29,227.4,223.61,2810836.0
2024-12-14 17:00:00,224.29,219.84,224.59,215.04,6185462.0
2024-12-15 05:00:00,219.84,218.35,221.81,215.55,3804112.0
2024-12-15 17:00:00,218.35,224.21,225.51,216.09,5368366.0
2024-12-16 05:00:00,224.21,214.03,227.41,213.5,6637813.0
2024-12-16 17:00:00,214.03,216.08,221.7,213.12,7966903.0
2024-12-17 05:00:00,216.08,221.56,223.81,211.15,7271177.0
2024-12-17 17:00:00,221.56,223.16,228.9,216.95,12811193.0
2024-12-18 05:00:00,223.16,217.72,225.99,213.36,8132805.0
2024-12-18 17:00:00,217.72,206.46,218.7,204.61,14971973.0
2024-12-19 05:00:00,206.46,210.33,211.99,199.23,9950880.0
2024-12-19 17:00:00,210.33,193.71,210.92,187.0,21062748.0
2024-12-20 05:00:00,193.71,176.01,199.61,175.2,22360832.0
2024-12-20 17:00:00,176.01,194.28,194.35,175.79,14721209.0
2024-12-21 05:00:00,194.28,192.83,201.94,192.1,7594335.0
2024-12-21 17:00:00,192.83,181.37,192.99,178.31,14477262.0
2024-12-22 05:00:00,181.37,186.56,186.86,177.68,8533221.0
2024-12-22 17:00:00,186.56,180.44,187.77,176.77,8833543.0
2024-12-23 05:00:00,180.44,183.5,187.64,176.36,10004553.0
2024-12-23 17:00:00,183.5,190.06,193.38,180.65,10622052.0
2024-12-24 05:00:00,190.06,192.84,193.86,186.05,5364504.0
2024-12-24 17:00:00,192.84,196.99,198.9,191.15,7812491.0
2024-12-25 05:00:00,196.99,195.72,201.77,194.98,5358421.0
2024-12-25 17:00:00,195.72,197.35,200.04,194.95,3885003.0
2024-12-26 05:00:00,197.35,189.7,199.63,188.1,6624972.0
2024-12-26 17:00:00,189.7,188.37,190.92,186.53,5388197.0
2024-12-27 05:00:00,188.37,191.2,194.29,185.64,6301566.0
2024-12-27 17:00:00,191.2,184.18,191.32,182.66,5631887.0
2024-12-28 05:00:00,184.18,187.08,187.3,183.71,2415669.0
2024-12-28 17:00:00,187.08,195.39,195.98,186.4,5003196.0
2024-12-29 05:00:00,195.39,196.03,197.28,192.34,3781946.0
2024-12-29 17:00:00,196.03,189.85,197.68,188.5,5224091.0
2024-12-30 05:00:00,189.85,193.44,194.37,189.0,4412153.0
2024-12-30 17:00:00,193.44,191.26,196.4,185.81,8508225.0
2024-12-31 05:00:00,191.26,193.73,194.85,187.91,4214294.0
2024-12-31 17:00:00,193.73,189.22,199.16,189.04,6809438.0
2025-01-01 05:00:00,189.22,191.22,192.58,187.82,3653152.0
2025-01-01 17:00:00,191.22,194.22,195.29,189.02,4324594.0
2025-01-02 05:00:00,194.22,208.43,208.78,193.34,8439122.0
2025-01-02 17:00:00,208.43,208.17,210.47,204.62,7049229.0
2025-01-03 05:00:00,208.17,214.39,214.99,205.51,6547107.0
2025-01-03 17:00:00,214.39,217.91,219.69,211.92,7094638.0
2025-01-04 05:00:00,217.91,216.36,218.08,214.3,3474858.0
2025-01-04 17:00:00,216.36,216.56,217.58,213.45,3620950.0
2025-01-05 05:00:00,216.56,213.85,218.98,212.8,3971166.0
2025-01-05 17:00:00,213.85,213.3,214.54,211.27,3471973.0
2025-01-06 05:00:00,213.3,216.17,216.87,211.41,4481111.0
2025-01-06 17:00:00,216.17,218.11,223.14,215.64,7277731.0
2025-01-07 05:00:00,218.11,213.95,219.04,212.73,3694162.0
2025-01-07 17:00:00,213.95,202.07,214.28,201.36,12477960.0
2025-01-08 05:00:00,202.07,195.41,203.2,193.04,10578050.0
2025-01-08 17:00:00,195.41,197.37,199.48,188.23,10881180.0
2025-01-09 05:00:00,197.37,191.08,198.98,189.0,5886720.0
2025-01-09 17:00:00,191.08,184.88,192.9,181.85,10554747.0
2025-01-10 05:00:00,184.88,191.82,192.93,184.86,4960519.0
2025-01-10 17:00:00,191.82,187.59,192.07,183.38,9704457.0
2025-01-11 05:00:00,187.59,186.58,188.71,184.01,3620161.0
2025-01-11 17:00:00,186.58,187.99,191.82,185.55,3698678.0
2025-01-12 05:00:00,187.99,186.56,188.5,185.04,2700924.0
2025-01-12 17:00:00,186.56,188.43,190.98,186.05,3713711.0
2025-01-13 05:00:00,188.43,175.33,191.94,175.12,10458822.0
2025-01-13 17:00:00,175.33,182.78,183.71,167.71,14450335.0
2025-01-14 05:00:00,182.78,186.97,189.98,181.77,5516272.0
2025-01-14 17:00:00,186.97,187.46,190.08,185.53,5691332.0
2025-01-15 05:00:00,187.46,186.88,190.69,185.76,4676170.0
2025-01-15 17:00:00,186.88,205.76,205.94,185.9,11605233.0
2025-01-16 05:00:00,205.76,212.67,212.68,198.42,8639606.0
2025-01-16 17:00:00,212.67,211.02,217.14,205.42,13959839.0
2025-01-17 05:00:00,211.02,218.72,219.64,209.71,7417725.0
2025-01-17 17:00:00,218.72,219.46,222.09,215.55,10918122.0
2025-01-18 05:00:00,219.46,238.85,244.88,217.18,28960876.0
2025-01-18 17:00:00,238.85,261.9,270.7,238.8,35515705.0
2025-01-19 05:00:00,261.9,286.09,295.6,252.04,33945268.0
2025-01-19 17:00:00,286.09,252.52,289.52,237.69,39525554.0
2025-01-20 05:00:00,252.52,260.59,273.0,229.27,29599224.0
2025-01-20 17:00:00,260.59,241.89,261.64,234.51,22142033.0
2025-01-21 05:00:00,241.89,239.34,244.72,230.3,13904033.0
2025-01-21 17:00:00,239.34,250.26,259.89,235.7,13933698.0
2025-01-22 05:00:00,250.26,257.67,259.68,248.24,7538962.0
2025-01-22 17:00:00,257.67,257.3,272.05,253.21,18012688.0
2025-01-23 05:00:00,257.3,244.06,258.35,242.2,9595235.0
2025-01-23 17:00:00,244.06,253.01,258.38,242.01,17202405.0
2025-01-24 05:00:00,253.01,266.7,267.21,247.09,10089362.0
2025-01-24 17:00:00,266.7,253.22,270.11,252.6,10469280.0
2025-01-25 05:00:00,253.22,249.81,253.57,246.09,6747507.0
2025-01-25 17:00:00,249.81,256.32,260.76,248.07,7637249.0
2025-01-26 05:00:00,256.32,255.4,259.99,252.67,5207842.0
2025-01-26 17:00:00,255.4,240.32,257.47,240.16,7219291.0
2025-01-27 05:00:00,240.32,225.73,242.53,220.76,18583397.0
2025-01-27 17:00:00,225.73,234.77,237.74,223.56,16287697.0
2025-01-28 05:00:00,234.77,238.16,243.77,232.88,7378988.0
2025-01-28 17:00:00,238.16,226.91,239.98,225.0,10375689.0
2025-01-29 05:00:00,226.91,231.87,235.8,226.64,5251864.0
2025-01-29 17:00:00,231.87,228.04,238.59,222.45,14514815.0
2025-01-30 05:00:00,228.04,241.63,241.97,226.71,7766205.0
2025-01-30 17:00:00,241.63,238.15,244.59,238.11,6296194.0
2025-01-31 05:00:00,238.15,238.69,239.06,234.09,4685579.0
2025-01-31 17:00:00,238.69,231.59,241.8,228.1,8516705.0
2025-02-01 05:00:00,231.59,227.98,234.02,226.22,4281621.0
2025-02-01 17:00:00,227.98,212.89,229.35,212.58,8206374.0
2025-02-02 05:00:00,212.89,208.62,218.71,206.62,11180145.0
2025-02-02 17:00:00,208.62,203.42,214.03,191.85,21659779.0
2025-02-03 05:00:00,203.42,198.48,203.79,173.33,29934411.0
2025-02-03 17:00:00,198.48,216.2,218.42,189.72,18354041.0
2025-02-04 05:00:00,216.2,207.59,219.89,201.756,11350404.0
2025-02-04 17:00:00,207.59,206.48,218.3,202.46,15889519.0
2025-02-05 05:00:00,206.48,206.17,209.26,202.77,6357978.0
2025-02-05 17:00:00,206.17,196.03,207.53,195.05,9414513.0
2025-02-06 05:00:00,196.03,200.16,203.86,196.0,6075597.0
2025-02-06 17:00:00,200.16,189.45,200.56,187.16,11473006.0
2025-02-07 05:00:00,189.45,198.36,198.58,189.05,7172067.0
2025-02-07 17:00:00,198.36,191.84,203.31,188.0,12496902.0
2025-02-08 05:00:00,191.84,194.31,194.88,189.67,4823775.0
2025-02-08 17:00:00,194.31,199.21,200.75,192.67,4691848.0
2025-02-09 05:00:00,199.21,201.3,207.26,198.36,6533838.0
2025-02-09 17:00:00,201.3,200.32,202.68,193.22,7551637.0
2025-02-10 05:00:00,200.32,204.36,205.91,195.71,8085130.0
2025-02-10 17:00:00,204.36,200.32,208.9,199.14,7247835.0
2025-02-11 05:00:00,200.32,203.26,206.07,199.79,7013801.0
2025-02-11 17:00:00,203.26,197.87,203.27,194.94,7206139.0
2025-02-12 05:00:00,197.87,197.29,198.45,193.01,4745823.0
2025-02-12 17:00:00,197.29,196.71,198.49,188.3,11893308.0
2025-02-13 05:00:00,196.71,191.78,198.4,191.01,4888301.0
2025-02-13 17:00:00,191.78,194.12,195.38,188.7,6255221.0
2025-02-14 05:00:00,194.12,199.51,201.35,194.02,5093440.0
2025-02-14 17:00:00,199.51,199.31,205.3,196.34,8159937.0
2025-02-15 05:00:00,199.31,194.72,200.21,193.77,4169774.0
2025-02-15 17:00:00,194.72,194.35,195.97,192.3,3362355.0
2025-02-16 05:00:00,194.35,193.6,196.18,192.06,3654742.0
2025-02-16 17:00:00,193.6,188.14,193.69,186.0,7317511.0
2025-02-17 05:00:00,188.14,184.17,189.61,180.5,9494349.0
2025-02-17 17:00:00,184.17,177.47,186.85,174.55,12031602.0
2025-02-18 05:00:00,177.47,168.65,178.99,163.04,19344009.0
2025-02-18 17:00:00,168.65,169.21,171.48,160.77,15633756.0
2025-02-19 05:00:00,169.21,173.81,174.24,163.64,11047539.0
2025-02-19 17:00:00,173.81,168.85,174.06,166.31,10513816.0
2025-02-20 05:00:00,168.85,173.88,175.09,167.52,7354090.0
2025-02-20 17:00:00,173.88,175.9,176.59,171.1,8318153.0
2025-02-21 05:00:00,175.9,177.1,180.33,172.83,8037973.0
2025-02-21 17:00:00,177.1,168.83,180.48,167.1,15576245.0
2025-02-22 05:00:00,168.83,173.45,174.09,167.98,5301673.0
2025-02-22 17:00:00,173.45,171.98,174.67,171.8,4237739.0
2025-02-23 05:00:00,171.98,169.51,172.99,169.01,3611049.0
2025-02-23 17:00:00,169.51,167.84,169.84,166.32,4911582.0
2025-02-24 05:00:00,167.84,159.21,169.58,155.31,14808878.0
2025-02-24 17:00:00,159.21,141.73,160.34,137.16,25777941.0
2025-02-25 05:00:00,141.73,141.17,144.4,131.72,35760268.0
2025-02-25 17:00:00,141.17,144.24,147.0,134.4,22664700.0
2025-02-26 05:00:00,144.24,138.07,145.16,137.92,10038019.0
2025-02-26 17:00:00,138.07,135.27,140.42,130.54,25377613.0
2025-02-27 05:00:00,135.27,140.41,142.8,134.85,11571688.0
2025-02-27 17:00:00,140.41,137.6,141.22,134.61,13618684.0
2025-02-28 05:00:00,137.6,133.48,137.89,125.52,27342395.0
2025-02-28 17:00:00,133.48,148.1,148.69,132.89,23503894.0
2025-03-01 05:00:00,148.1,140.27,151.15,139.47,13964602.0
2025-03-01 17:00:00,140.27,143.58,143.76,138.5,8759303.0
2025-03-02 05:00:00,143.58,143.45,145.89,142.17,7736427.0
2025-03-02 17:00:00,143.45,178.64,180.0,139.96,49169701.0
2025-03-03 05:00:00,178.64,161.0,179.44,156.68,17910138.0
2025-03-03 17:00:00,161.0,142.05,166.94,139.19,36255596.0
2025-03-04 05:00:00,142.05,136.89,144.99,132.36,19887211.0
2025-03-04 17:00:00,136.89,144.7,146.8,130.52,31001571.0
2025-03-05 05:00:00,144.7,147.0,149.66,140.75,11576696.0
2025-03-05 17:00:00,147.0,146.16,149.17,140.12,14154588.0
2025-03-06 05:00:00,146.16,151.59,152.85,144.45,11241571.0
2025-03-06 17:00:00,151.59,143.22,151.81,142.32,12727197.0
2025-03-07 05:00:00,143.22,143.51,146.13,135.0,14566486.0
2025-03-07 17:00:00,143.51,139.31,150.86,137.25,22152768.0
2025-03-08 05:00:00,139.31,137.5,140.99,136.51,6327761.0
2025-03-08 17:00:00,137.5,136.92,138.82,135.19,5705827.0
2025-03-09 05:00:00,136.92,136.23,139.79,135.55,5596478.0
2025-03-09 17:00:00,136.23,126.42,136.37,125.37,16442679.0
2025-03-10 05:00:00,126.42,129.86,131.5,124.0,12622736.0
2025-03-10 17:00:00,129.86,118.26,130.82,115.43,26084001.0
2025-03-11 05:00:00,118.26,124.63,125.78,111.83,18411776.0
2025-03-11 17:00:00,124.63,125.28,128.36,118.53,19060887.0
2025-03-12 05:00:00,125.28,126.68,126.97,121.16,11243840.0
2025-03-12 17:00:00,126.68,126.55,131.26,122.99,17225002.0
2025-03-13 05:00:00,126.55,126.83,127.99,122.91,9107868.0
2025-03-13 17:00:00,126.83,123.32,128.79,120.66,12534417.0
2025-03-14 05:00:00,123.32,126.07,126.55,122.89,5593533.0
2025-03-14 17:00:00,126.07,133.49,136.07,125.37,15873987.0
2025-03-15 05:00:00,133.49,133.29,135.6,132.36,5660972.0
2025-03-15 17:00:00,133.29,135.79,136.47,133.01,6078012.0
2025-03-16 05:00:00,135.79,129.89,136.68,129.59,8302007.0
2025-03-16 17:00:00,129.89,126.05,131.17,125.11,11803035.0
2025-03-17 05:00:00,126.05,129.09,129.57,125.79,7713324.0
2025-03-17 17:00:00,129.09,127.93,130.56,125.44,10935796.0
2025-03-18 05:00:00,127.93,123.48,128.1,123.13,9994052.0
2025-03-18 17:00:00,123.48,125.25,125.65,121.66,7770081.0
2025-03-19 05:00:00,125.25,128.61,129.47,124.14,7827025.0
2025-03-19 17:00:00,128.61,135.3,136.06,126.9,16538561.0
2025-03-20 05:00:00,135.3,130.59,136.08,130.23,7616449.0
2025-03-20 17:00:00,130.59,127.53,132.22,126.56,8783833.0
2025-03-21 05:00:00,127.53,126.34,129.05,125.65,5937404.0
2025-03-21 17:00:00,126.34,128.38,130.38,124.74,10216532.0
2025-03-22 05:00:00,128.38,130.28,131.77,127.71,5564235.0
2025-03-22 17:00:00,130.28,128.44,130.48,128.03,4132170.0
2025-03-23 05:00:00,128.44,133.04,133.99,128.12,5380196.0
2025-03-23 17:00:00,133.04,132.77,133.79,130.1,5838461.0
2025-03-24 05:00:00,132.77,143.34,144.07,131.95,14178510.0
2025-03-24 17:00:00,143.34,140.95,144.9,139.55,11676055.0
2025-03-25 05:00:00,140.95,142.07,143.38,138.09,9488974.0
2025-03-25 17:00:00,142.07,143.59,147.41,140.71,13722941.0
2025-03-26 05:00:00,143.59,144.52,145.41,141.4,7146072.0
2025-03-26 17:00:00,144.52,137.26,145.0,135.78,13400249.0
2025-03-27 05:00:00,137.26,137.35,140.14,136.71,7756136.0
2025-03-27 17:00:00,137.35,138.37,139.89,135.5,8282211.0
2025-03-28 05:00:00,138.37,131.83,138.98,130.3,12806731.0
2025-03-28 17:00:00,131.83,129.39,132.33,127.48,9694487.0
2025-03-29 05:00:00,129.39,125.23,130.45,124.24,9479060.0
2025-03-29 17:00:00,125.23,124.5,126.74,122.52,8856121.0
2025-03-30 05:00:00,124.5,125.0,126.49,123.38,5731383.0
2025-03-30 17:00:00,125.0,124.73,127.01,122.81,8197437.0
2025-03-31 05:00:00,124.73,124.22,127.59,122.58,10801286.0
2025-03-31 17:00:00,124.22,124.48,127.81,123.12,11577449.0
2025-04-01 05:00:00,124.48,127.53,129.94,123.65,8449694.0
2025-04-01 17:00:00,127.53,126.6,130.39,124.55,12557137.0
2025-04-02 05:00:00,126.6,125.63,126.91,123.37,7815720.0
2025-04-02 17:00:00,125.63,117.34,136.2,117.02,26187198.0
2025-04-03 05:00:00,117.34,115.69,120.89,115.03,13703189.0
2025-04-03 17:00:00,115.69,117.08,117.37,112.17,16200519.0
2025-04-04 05:00:00,117.08,114.46,119.87,113.19,13670337.0
2025-04-04 17:00:00,114.46,122.72,123.96,113.9,22418409.0
2025-04-05 05:00:00,122.72,120.22,122.8,119.76,5654483.0
2025-04-05 17:00:00,120.22,120.24,120.56,117.08,7373050.0
2025-04-06 05:00:00,120.24,118.56,121.08,118.1,5508235.0
2025-04-06 17:00:00,118.56,105.84,118.8,103.76,30027737.0
2025-04-07 05:00:00,105.84,100.22,107.74,95.19,36584760.0
2025-04-07 17:00:00,100.22,106.91,113.18,99.68,38905990.0
2025-04-08 05:00:00,106.91,111.48,112.5,106.56,14333210.0
2025-04-08 17:00:00,111.48,105.32,112.14,102.87,24192789.0
2025-04-09 05:00:00,105.32,103.38,108.24,101.23,23030041.849999987
2025-04-09 17:00:00,103.38,119.01,120.69,102.22,32905927.81999989
2025-04-10 05:00:00,119.01,113.89,119.29,113.34,11033495.330000002
2025-04-10 17:00:00,113.89,112.73,116.0,108.21,17094022.52999998
2025-04-11 05:00:00,112.73,117.99,119.34,112.09,12589233.189999986
2025-04-11 17:00:00,117.99,121.33,122.65,117.54,14690396.129999964
2025-04-12 05:00:00,121.33,124.51,125.48,119.29,10143006.209999971
2025-04-12 17:00:00,124.51,132.17,134.0,124.3,18425711.30000004
2025-04-13 05:00:00,132.17,129.76,133.94,128.11,12223917.92000002
2025-04-13 17:00:00,129.76,128.3,132.59,125.28,15170794.000000026
2025-04-14 05:00:00,128.3,133.41,136.09,127.9,15077678.810000058
2025-04-14 17:00:00,133.41,129.34,134.74,127.99,14871644.260000035
2025-04-15 05:00:00,129.34,132.1,133.87,127.62,9672070.520000037
2025-04-15 17:00:00,132.1,126.05,134.41,125.73,13767357.040000016
2025-04-16 05:00:00,126.05,126.17,127.29,123.41,11991026.719999995
2025-04-16 17:00:00,126.17,131.3,133.88,124.39,21474122.53000003
2025-04-17 05:00:00,131.3,133.03,135.6,129.4,11152933.22000003
2025-04-17 17:00:00,133.03,134.76,136.26,130.48,14615349.22000004
2025-04-18 05:00:00,134.76,134.18,135.95,133.18,7759368.180000015
2025-04-18 17:00:00,134.18,133.97,135.12,132.36,6766954.910000008
2025-04-19 05:00:00,133.97,138.7,139.89,133.5,10646215.390000032
2025-04-19 17:00:00,138.7,139.77,140.71,137.57,7128089.4400000125
2025-04-20 05:00:00,139.77,136.32,141.87,135.71,10900179.520000003
2025-04-20 17:00:00,136.32,137.76,138.48,135.5,7465785.550000017
2025-04-21 05:00:00,137.76,138.91,143.25,137.56,12712939.570000028
2025-04-21 17:00:00,138.91,136.44,140.03,133.75,15505169.42000007
2025-04-22 05:00:00,136.44,140.38,140.73,134.4,10565813.48000003
2025-04-22 17:00:00,140.38,148.71,150.29,139.99,19399289.570000075
2025-04-23 05:00:00,148.71,152.01,153.7,147.0,12005057.390000058
2025-04-23 17:00:00,152.01,151.05,154.14,148.65,15338476.360000044
2025-04-24 05:00:00,151.05,147.62,151.45,145.06,9236456.61000003
2025-04-24 17:00:00,147.62,152.48,152.96,147.0,13014602.57000004
2025-04-25 05:00:00,152.48,154.7,155.0,150.45,10618328.050000044
2025-04-25 17:00:00,154.7,150.76,157.24,149.75,13859843.280000018
2025-04-26 05:00:00,150.76,148.44,153.15,147.86,7633220.020000018
2025-04-26 17:00:00,148.44,149.14,149.62,147.66,4442725.400000008
2025-04-27 05:00:00,149.14,147.89,150.37,145.39,6866289.950000014
2025-04-27 17:00:00,147.89,147.91,150.23,146.87,6124559.380000017
2025-04-28 05:00:00,147.91,151.6,153.35,144.53,13293297.170000045
2025-04-28 17:00:00,151.6,147.76,151.77,145.22,10608729.44000004
2025-04-29 05:00:00,147.76,148.93,149.44,145.37,7276932.650000025
2025-04-29 17:00:00,148.93,146.18,150.37,144.79,9596050.500000026
2025-04-30 05:00:00,146.18,147.84,148.64,144.93,6074671.680000016
2025-04-30 17:00:00,147.84,147.47,148.09,140.25,15826906.26000004
2025-05-01 05:00:00,147.47,151.67,152.38,147.47,8717291.34000002
2025-05-01 17:00:00,151.67,150.73,153.88,149.8,10012329.310000032
2025-05-02 05:00:00,150.73,150.63,151.62,148.29,6238838.950000011
2025-05-02 17:00:00,150.63,147.93,151.86,147.2,8970697.620000025
2025-05-03 05:00:00,147.93,147.03,149.0,146.6,4673260.350000008
2025-05-03 17:00:00,147.03,146.62,149.0,145.74,5495162.37000001
2025-05-04 05:00:00,146.62,145.34,147.66,144.57,5636661.820000016
2025-05-04 17:00:00,145.34,143.87,147.79,143.55,6537316.340000015
2025-05-05 05:00:00,143.87,144.1,147.31,142.42,8044394.380000019
2025-05-05 17:00:00,144.1,146.66,147.67,143.0,8442359.310000021
2025-05-06 05:00:00,146.66,142.49,146.78,141.79,7222666.240000013
2025-05-06 17:00:00,142.49,146.83,147.17,141.3,9890808.19000004
2025-05-07 05:00:00,146.83,147.54,149.47,145.34,8516576.320000026
2025-05-07 17:00:00,147.54,147.27,148.25,144.59,10255102.230000032
2025-05-08 05:00:00,147.27,154.52,155.23,147.01,11724205.550000034
2025-05-08 17:00:00,154.52,164.42,164.61,154.14,19574201.28000007
2025-05-09 05:00:00,164.42,172.26,176.16,161.02,20526434.770000093
2025-05-09 17:00:00,172.26,172.74,173.79,167.4,13899249.779999947
2025-05-10 05:00:00,172.74,168.91,175.18,168.68,9092790.189999986
2025-05-10 17:00:00,168.91,177.86,178.93,168.91,10173202.639999956
2025-05-11 05:00:00,177.86,174.69,180.29,172.14,12980360.929999908
2025-05-11 17:00:00,174.69,173.11,175.19,169.13,9331087.53999999
2025-05-12 05:00:00,173.11,174.01,180.0,171.62,14821668.67999992
2025-05-12 17:00:00,174.01,174.14,181.44,168.27,18888930.279999875
2025-05-13 05:00:00,174.14,173.93,175.1,166.12,11274919.48999999
2025-05-13 17:00:00,173.93,183.7,184.8,172.04,15619961.379999934
2025-05-14 05:00:00,183.7,180.94,184.87,177.51,12234711.719999976
2025-05-14 17:00:00,180.94,176.51,181.82,173.15,10371891.429999975
2025-05-15 05:00:00,176.51,170.99,178.23,168.6,10498868.720000004
2025-05-15 17:00:00,170.99,169.06,174.38,166.55,14993063.93999996
2025-05-16 05:00:00,169.06,172.75,174.16,168.58,8915792.039999995
2025-05-16 17:00:00,172.75,167.33,174.0,166.22,9143606.120000005
2025-05-17 05:00:00,167.33,167.53,169.95,163.91,9500111.610000024
2025-05-17 17:00:00,167.53,165.87,168.16,164.25,7243890.750000017
2025-05-18 05:00:00,165.87,170.71,171.95,165.79,5799366.610000004
2025-05-18 17:00:00,170.71,173.24,176.73,164.5,16324690.89999997
2025-05-19 05:00:00,173.24,162.07,173.87,159.28,14969233.790000034
2025-05-19 17:00:00,162.07,166.76,167.73,160.05,12268449.93000007
2025-05-20 05:00:00,166.76,166.38,173.06,165.13,10917905.7
2025-05-20 17:00:00,166.38,168.51,169.33,164.4,11029220.770000037
2025-05-21 05:00:00,168.51,169.26,171.7,166.71,9676462.120000005
2025-05-21 17:00:00,169.26,173.5,175.92,165.34,23389019.29000012
2025-05-22 05:00:00,173.5,178.01,180.82,172.4,14646520.54999994
2025-05-22 17:00:00,178.01,179.6,180.32,176.92,8558599.990000006
2025-05-23 05:00:00,179.6,177.88,187.67,177.1,17528192.39999989
2025-05-23 17:00:00,177.88,173.92,183.7,173.18,19822963.6299998
2025-05-24 05:00:00,173.92,176.8,178.22,172.52,9240774.07
2025-05-24 17:00:00,176.8,175.81,177.85,174.95,5024555.410000006
2025-05-25 05:00:00,175.81,171.86,176.82,170.0,9772403.409999987
2025-05-25 17:00:00,171.86,175.65,175.77,169.05,8355017.149999995
2025-05-26 05:00:00,175.65,177.82,178.96,175.0,7210678.010000007
2025-05-26 17:00:00,177.82,174.8,178.8,173.37,7602394.879999992
2025-05-27 05:00:00,174.8,176.73,177.14,171.06,8573214.739999995
2025-05-27 17:00:00,176.73,176.64,179.37,174.99,10161036.099999975
2025-05-28 05:00:00,176.64,174.42,177.38,172.72,5861944.090000002
2025-05-28 17:00:00,174.42,172.11,175.05,168.8,11000730.959999992
2025-05-29 05:00:00,172.11,172.78,175.28,169.96,8364308.46
2025-05-29 17:00:00,172.78,166.62,172.87,165.87,10162819.620000005
2025-05-30 05:00:00,166.62,163.73,167.41,159.85,11744300.700000022
2025-05-30 17:00:00,163.73,156.12,163.88,155.01,13521194.450000066
2025-05-31 05:00:00,156.12,152.85,157.18,152.06,10101624.150000053
2025-05-31 17:00:00,152.85,156.35,157.92,152.55,6502022.92000002
2025-06-01 05:00:00,156.35,151.95,156.65,150.48,7349664.560000026
2025-06-01 17:00:00,151.95,157.62,157.85,150.51,8179639.020000043
2025-06-02 05:00:00,157.62,153.37,158.84,152.82,8293007.550000037
2025-06-02 17:00:00,153.37,156.74,157.17,151.52,10719250.65000005
2025-06-03 05:00:00,156.74,160.49,162.31,156.26,9408967.370000051
2025-06-03 17:00:00,160.49,155.08,163.57,154.0,12312055.620000064
2025-06-04 05:00:00,155.08,155.83,157.82,154.08,6661256.610000026
2025-06-04 17:00:00,155.83,153.47,157.93,153.22,8476175.44000003
2025-06-05 05:00:00,153.18,152.3,154.59,151.16,6494410.800000018
2025-06-05 17:00:00,152.3,144.21,154.35,141.43,21804178.690000083
2025-06-06 05:00:00,144.21,149.0,149.55,144.02,7868480.380000021
2025-06-06 17:00:00,149.0,147.76,152.56,147.6,10487165.750000048
2025-06-07 05:00:00,147.76,151.36,152.8,146.84,6629646.240000015
2025-06-07 17:00:00,151.36,149.98,152.34,149.64,4714957.130000012
2025-06-08 05:00:00,149.98,149.55,150.46,147.59,4661835.13000001
2025-06-08 17:00:00,149.55,152.37,155.3,148.93,7889652.460000032
2025-06-09 05:00:00,152.37,155.54,156.6,149.5,9858535.770000037
2025-06-09 17:00:00,155.54,156.5,156.94,152.93,6026269.900000025
